<?xml version="1.0" encoding="UTF-8"?>
<feature
        id="org.jkiss.dbeaver.runtime.feature"
        label="%featureName"
        version="6.2.5.201911171645"
        provider-name="%providerName"
        plugin="org.jkiss.dbeaver.model">

    <description>
        %description
    </description>

    <copyright>
        %copyright
    </copyright>

    <license url="%licenseURL">
        %license
    </license>

    <requires>
        <import plugin="org.eclipse.core.runtime"/>
        <import plugin="org.eclipse.core.resources"/>
        <import plugin="org.eclipse.core.expressions"/>
    </requires>

    <plugin id="org.jkiss.utils" download-size="79" install-size="156" version="2.1.104.201911171645" unpack="false"/>
    <plugin id="org.jkiss.dbeaver.model" download-size="1488" install-size="3077" version="1.0.110.201911171645" unpack="false"/>
    <plugin id="org.jkiss.dbeaver.model.sql" download-size="78" install-size="154" version="1.0.11.201911171645" unpack="false"/>
    <plugin id="org.jkiss.dbeaver.registry" download-size="330" install-size="760" version="1.0.15.201911171645" unpack="false"/>
    <plugin id="org.jkiss.dbeaver.net.ssh" download-size="15" install-size="26" version="1.0.42.201911171645" unpack="false"/>
    <plugin id="org.jkiss.dbeaver.cmp.simple" download-size="18" install-size="35" version="6.0.17.201911171645" unpack="false"/>
    <plugin id="org.jkiss.dbeaver.data.transfer" download-size="191" install-size="490" version="2.0.5.201911171645" unpack="false"/>

    <!-- GIS -->
    <plugin id="org.jkiss.dbeaver.data.gis" download-size="21" install-size="38" version="1.0.45.201911171645" unpack="false"/>
    <plugin id="org.jkiss.bundle.gis" download-size="1409" install-size="1552" version="2.0.2" unpack="false"/>

    <!-- 3rd party -->
    <plugin id="com.github.jsqlparser" download-size="470" install-size="1118" version="3.0.0" unpack="false"/>
    <plugin id="org.apache.commons.jexl" download-size="388" install-size="840" version="3.1.0" unpack="false"/>
    <plugin id="net.sf.opencsv" download-size="19" install-size="37" version="2.3.0" unpack="false"/>


</feature>
