<?xml version="1.0" encoding="UTF-8"?>
<feature
      id="org.eclipse.equinox.p2.core.feature"
      label="%featureName"
      version="1.6.400.v20191017-2055"
      provider-name="%providerName">

   <description>
      %description
   </description>

   <copyright>
      %copyright
   </copyright>

   <license url="%licenseURL">
      %license
   </license>

   <requires>
      <import feature="org.eclipse.ecf.core.feature" version="1.4.0" match="compatible"/>
      <import feature="org.eclipse.ecf.core.ssl.feature" version="1.1.0" match="compatible"/>
      <import feature="org.eclipse.ecf.filetransfer.feature" version="3.13.7" match="compatible"/>
      <import feature="org.eclipse.ecf.filetransfer.httpclient45.feature" version="1.0.0" match="compatible"/>
      <import feature="org.eclipse.ecf.filetransfer.ssl.feature" version="1.1.0" match="compatible"/>
   </requires>

   <plugin
         id="org.eclipse.equinox.p2.artifact.repository"
         download-size="152"
         install-size="334"
         version="1.3.300.v20191015-1504"
         unpack="false"/>

   <plugin
         id="org.eclipse.equinox.p2.console"
         download-size="28"
         install-size="63"
         version="1.1.300.v20191014-1219"
         unpack="false"/>

   <plugin
         id="org.eclipse.equinox.p2.core"
         download-size="74"
         install-size="138"
         version="2.6.200.v20191014-1220"
         unpack="false"/>

   <plugin
         id="org.eclipse.equinox.p2.director"
         download-size="106"
         install-size="247"
         version="2.4.500.v20191014-1220"
         unpack="false"/>

   <plugin
         id="org.eclipse.equinox.p2.engine"
         download-size="206"
         install-size="463"
         version="2.6.500.v20191014-1645"
         unpack="false"/>

   <plugin
         id="org.eclipse.equinox.p2.garbagecollector"
         download-size="25"
         install-size="45"
         version="1.1.300.v20191015-1207"
         unpack="false"/>

   <plugin
         id="org.eclipse.equinox.p2.metadata"
         download-size="352"
         install-size="783"
         version="2.4.600.v20191002-0702"
         unpack="false"/>

   <plugin
         id="org.eclipse.equinox.p2.metadata.repository"
         download-size="130"
         install-size="286"
         version="1.3.300.v20191002-0702"
         unpack="false"/>

   <plugin
         id="org.eclipse.equinox.p2.repository"
         download-size="138"
         install-size="280"
         version="2.4.600.v20191016-0510"
         unpack="false"/>

   <plugin
         id="org.eclipse.equinox.p2.touchpoint.eclipse"
         download-size="128"
         install-size="278"
         version="2.2.500.v20191014-1333"
         unpack="false"/>

   <plugin
         id="org.eclipse.equinox.p2.touchpoint.natives"
         download-size="78"
         install-size="157"
         version="1.3.400.v20191017-1917"
         unpack="false"/>

   <plugin
         id="org.eclipse.equinox.simpleconfigurator.manipulator"
         download-size="26"
         install-size="49"
         version="2.1.400.v20191015-1836"
         unpack="false"/>

   <plugin
         id="org.sat4j.core"
         download-size="354"
         install-size="682"
         version="2.3.5.v201308161310"
         unpack="false"/>

   <plugin
         id="org.sat4j.pb"
         download-size="236"
         install-size="491"
         version="2.3.5.v201404071733"
         unpack="false"/>

   <plugin
         id="org.eclipse.equinox.frameworkadmin"
         download-size="36"
         install-size="67"
         version="2.1.400.v20191002-0702"
         unpack="false"/>

   <plugin
         id="org.eclipse.equinox.frameworkadmin.equinox"
         download-size="66"
         install-size="140"
         version="1.1.200.v20191015-1207"
         unpack="false"/>

   <plugin
         id="org.eclipse.equinox.preferences"
         download-size="129"
         install-size="265"
         version="3.7.600.v20191017-2055"
         unpack="false"/>

   <plugin
         id="org.eclipse.equinox.security"
         download-size="110"
         install-size="229"
         version="1.3.400.v20191008-0645"
         unpack="false"/>

   <plugin
         id="org.eclipse.equinox.p2.jarprocessor"
         download-size="71"
         install-size="123"
         version="1.1.500.v20191014-1732"
         unpack="false"/>

   <plugin
         id="org.eclipse.equinox.p2.transport.ecf"
         download-size="43"
         install-size="89"
         version="1.2.300.v20191001-0955"
         unpack="false"/>

   <plugin
         id="org.eclipse.equinox.p2.operations"
         download-size="74"
         install-size="173"
         version="2.5.600.v20191016-0507"
         unpack="false"/>

   <plugin
         id="org.eclipse.equinox.security.macosx"
         os="macosx"
         download-size="28"
         install-size="109"
         version="1.101.200.v20190903-0934"
         fragment="true"
         unpack="false"/>

   <plugin
         id="org.eclipse.equinox.security.linux.x86_64"
         os="linux"
         arch="x86_64"
         download-size="16"
         install-size="31"
         version="1.1.300.v20190830-1238"
         fragment="true"
         unpack="false"/>

   <plugin
         id="org.eclipse.equinox.security.win32.x86_64"
         os="win32"
         arch="x86_64"
         download-size="40"
         install-size="74"
         version="1.1.200.v20190812-0919"
         fragment="true"
         unpack="false"/>

   <plugin
         id="org.tukaani.xz"
         download-size="125"
         install-size="202"
         version="1.8.0.v20180207-1613"
         unpack="false"/>

   <plugin
         id="org.eclipse.equinox.concurrent"
         download-size="25"
         install-size="45"
         version="1.1.400.v20190621-0852"
         unpack="false"/>

</feature>
