{
  "allowRemoteResourceManagement": true,
  "policyEnforcementMode": "ENFORCING",
  "resources": [
    {
      "name": "project-what-if",
      "ownerManagedAccess": false,
      "attributes": {},
      "_id": "9eb56875-71ec-4f74-b338-c4e4d226d1ba",
      "uris": [
        "/services/projects/{id}/what-if"
      ],
      "scopes": [
        {
          "name": "GET"
        },
        {
          "name": "POST"
        }
      ]
    },
    {
      "name": "project-check",
      "ownerManagedAccess": false,
      "attributes": {},
      "_id": "916a3983-a158-40b6-bb46-f64faba0a879",
      "uris": [
        "/service/projects/{id}/check"
      ],
      "scopes": [
        {
          "name": "GET"
        },
        {
          "name": "POST"
        }
      ]
    },
    {
      "name": "project-approval",
      "ownerManagedAccess": false,
      "attributes": {},
      "_id": "2b4181fc-3731-4d7d-9165-31307d2edef5",
      "uris": [
        "/service/projects/{id}/approval"
      ],
      "scopes": [
        {
          "name": "GET"
        },
        {
          "name": "POST"
        }
      ]
    },
    {
      "name": "aircraft-cloak",
      "ownerManagedAccess": false,
      "attributes": {},
      "_id": "6a963250-c45d-434e-a62e-8915c822a325",
      "uris": [
        "/service/aircrafts/{id}/cloak"
      ],
      "scopes": [
        {
          "name": "GET"
        },
        {
          "name": "POST"
        }
      ]
    },
    {
      "name": "aircraft",
      "ownerManagedAccess": false,
      "attributes": {},
      "_id": "e295d63a-4d41-4b62-8157-ae294fccf47a",
      "uris": [
        "/service/aircrafts/*"
      ],
      "scopes": [
        {
          "name": "PATCH"
        },
        {
          "name": "DELETE"
        },
        {
          "name": "GET"
        },
        {
          "name": "POST"
        },
        {
          "name": "PUT"
        }
      ]
    },
    {
      "name": "ela-export",
      "ownerManagedAccess": false,
      "attributes": {},
      "_id": "72c5a1fd-a49f-4a42-853f-a2c042965ecd",
      "uris": [
        "/service/elas/{id}/export"
      ],
      "scopes": [
        {
          "name": "POST"
        }
      ]
    },
    {
      "name": "group",
      "ownerManagedAccess": false,
      "displayName": "Group",
      "attributes": {},
      "_id": "37be829e-7d4a-47c9-8e8b-c273afef672d",
      "uris": [
        "/service/keycloak/groups/*"
      ],
      "scopes": [
        {
          "name": "GET"
        }
      ]
    },
    {
      "name": "notification",
      "ownerManagedAccess": false,
      "displayName": "Notification",
      "attributes": {},
      "_id": "58826d5e-7ba3-4fa4-9118-6938e0fce65a",
      "uris": [
        "/service/notifications/*"
      ],
      "scopes": [
        {
          "name": "PATCH"
        },
        {
          "name": "DELETE"
        },
        {
          "name": "GET"
        },
        {
          "name": "POST"
        },
        {
          "name": "PUT"
        }
      ]
    },
    {
      "name": "fleet",
      "ownerManagedAccess": false,
      "displayName": "Fleet",
      "attributes": {},
      "_id": "1ea4e706-5ae5-4b7a-a8fd-2b37a7e32ef2",
      "uris": [
        "/service/fleets/*"
      ],
      "scopes": [
        {
          "name": "PATCH"
        },
        {
          "name": "DELETE"
        },
        {
          "name": "GET"
        },
        {
          "name": "POST"
        },
        {
          "name": "PUT"
        }
      ]
    },
    {
      "name": "project",
      "ownerManagedAccess": false,
      "displayName": "Project",
      "attributes": {},
      "_id": "4eb93aca-f744-4969-b754-cb0d85f87461",
      "uris": [
        "/service/projects*"
      ],
      "scopes": [
        {
          "name": "PATCH"
        },
        {
          "name": "DELETE"
        },
        {
          "name": "GET"
        },
        {
          "name": "POST"
        },
        {
          "name": "PUT"
        }
      ]
    },
    {
      "name": "ela",
      "ownerManagedAccess": false,
      "displayName": "ELA",
      "attributes": {},
      "_id": "929c9208-bf51-4bdf-943c-2f3b3b4be6a4",
      "uris": [
        "/service/elas/*"
      ],
      "scopes": [
        {
          "name": "DELETE"
        },
        {
          "name": "GET"
        },
        {
          "name": "POST"
        }
      ]
    },
    {
      "name": "user",
      "ownerManagedAccess": false,
      "displayName": "User",
      "attributes": {},
      "_id": "056b8f0c-f17c-4401-a3ed-fc6429484482",
      "uris": [
        "/service/keycloak/users/*"
      ],
      "scopes": [
        {
          "name": "PATCH"
        },
        {
          "name": "DELETE"
        },
        {
          "name": "GET"
        },
        {
          "name": "POST"
        },
        {
          "name": "PUT"
        }
      ]
    },
    {
      "name": "Default Resource",
      "type": "urn:ela:resources:default",
      "ownerManagedAccess": false,
      "attributes": {},
      "_id": "88ac9488-bd55-4aa0-b2ae-3b82d7296966",
      "uris": [
        "/*"
      ]
    }
  ],
  "policies": [
    {
      "id": "3be11b7e-a79b-40da-841f-4453c10f3def",
      "name": "Default Policy",
      "description": "A policy that grants access only for users within this realm",
      "type": "js",
      "logic": "POSITIVE",
      "decisionStrategy": "AFFIRMATIVE",
      "config": {
        "code": "// by default, grants any permission associated with this policy\n$evaluation.grant();\n"
      }
    },
    {
      "id": "44cd5c8d-c997-4a61-8499-4dda99921069",
      "name": "Any Role",
      "description": "A user with any client role can access",
      "type": "role",
      "logic": "POSITIVE",
      "decisionStrategy": "UNANIMOUS",
      "config": {
        "roles": "[{\"id\":\"ela/checker\",\"required\":false},{\"id\":\"ela/author\",\"required\":false},{\"id\":\"ela/engineering_admin\",\"required\":false},{\"id\":\"ela/it_admin\",\"required\":false},{\"id\":\"ela/approver\",\"required\":false},{\"id\":\"ela/viewer\",\"required\":false}]"
      }
    },
    {
      "id": "7ab351a3-e5c8-4071-9da7-1ef8fbe3b07d",
      "name": "IT Admin Role Only",
      "description": "Only users with the IT Admin role can access",
      "type": "role",
      "logic": "POSITIVE",
      "decisionStrategy": "UNANIMOUS",
      "config": {
        "roles": "[{\"id\":\"ela/it_admin\",\"required\":true}]"
      }
    },
    {
      "id": "35747bf9-f5c9-4349-b146-f85b043800da",
      "name": "All Admins",
      "description": "Any user with an admin role can access",
      "type": "role",
      "logic": "POSITIVE",
      "decisionStrategy": "UNANIMOUS",
      "config": {
        "roles": "[{\"id\":\"ela/it_admin\",\"required\":false},{\"id\":\"ela/engineering_admin\",\"required\":false}]"
      }
    },
    {
      "id": "036d3f79-31e3-4d4a-9ab8-79e22e28a93e",
      "name": "All Roles Except Viewer",
      "description": "Anyone with a role other than Viewer can access",
      "type": "role",
      "logic": "POSITIVE",
      "decisionStrategy": "UNANIMOUS",
      "config": {
        "roles": "[{\"id\":\"ela/approver\",\"required\":false},{\"id\":\"ela/checker\",\"required\":false},{\"id\":\"ela/it_admin\",\"required\":false},{\"id\":\"ela/engineering_admin\",\"required\":false},{\"id\":\"ela/author\",\"required\":false}]"
      }
    },
    {
      "id": "cc557006-1ddd-4a7e-bb1e-ebf9d545ca0d",
      "name": "Checkers and Approvers",
      "description": "Any admin, checker, or approver can access",
      "type": "role",
      "logic": "POSITIVE",
      "decisionStrategy": "UNANIMOUS",
      "config": {
        "roles": "[{\"id\":\"ela/engineering_admin\",\"required\":false},{\"id\":\"ela/it_admin\",\"required\":false},{\"id\":\"ela/checker\",\"required\":false},{\"id\":\"ela/approver\",\"required\":false}]"
      }
    },
    {
      "id": "4a001044-6a0c-409b-9a29-1ceba251522d",
      "name": "Approvers Only",
      "description": "Admins and approvers can access",
      "type": "role",
      "logic": "POSITIVE",
      "decisionStrategy": "UNANIMOUS",
      "config": {
        "roles": "[{\"id\":\"ela/engineering_admin\",\"required\":false},{\"id\":\"ela/approver\",\"required\":false},{\"id\":\"ela/it_admin\",\"required\":false}]"
      }
    },
    {
      "id": "d2b29eff-d78b-491b-8b6e-23dd6ee7a242",
      "name": "Always Deny",
      "type": "js",
      "logic": "POSITIVE",
      "decisionStrategy": "UNANIMOUS",
      "config": {
        "code": "$evaluation.deny();"
      }
    },
    {
      "id": "4cb770c5-8d72-4807-915a-0dc407bc4b89",
      "name": "Default Permission",
      "description": "A permission that applies to the default resource type",
      "type": "resource",
      "logic": "POSITIVE",
      "decisionStrategy": "UNANIMOUS",
      "config": {
        "defaultResourceType": "urn:ela:resources:default",
        "applyPolicies": "[\"Default Policy\"]"
      }
    },
    {
      "id": "5e72c17b-0d87-4bbd-a376-c848779f7dbf",
      "name": "ELA Read Permission",
      "type": "scope",
      "logic": "POSITIVE",
      "decisionStrategy": "UNANIMOUS",
      "config": {
        "resources": "[\"ela\"]",
        "scopes": "[\"GET\"]",
        "applyPolicies": "[\"Any Role\"]"
      }
    },
    {
      "id": "ccd9e255-877f-4973-8b7d-46197fd8d29c",
      "name": "ELA Create Permission",
      "type": "scope",
      "logic": "POSITIVE",
      "decisionStrategy": "UNANIMOUS",
      "config": {
        "resources": "[\"ela\"]",
        "scopes": "[\"POST\"]",
        "applyPolicies": "[\"All Admins\"]"
      }
    },
    {
      "id": "af15a3fb-8a10-48c2-b2bc-735bf4c863c8",
      "name": "ELA Export Permission",
      "type": "scope",
      "logic": "POSITIVE",
      "decisionStrategy": "UNANIMOUS",
      "config": {
        "resources": "[\"ela-export\"]",
        "scopes": "[\"POST\"]",
        "applyPolicies": "[\"Any Role\"]"
      }
    },
    {
      "id": "b5ff00af-63bd-4d20-aa79-7ca0321cf82e",
      "name": "Fleet Create Permission",
      "type": "scope",
      "logic": "POSITIVE",
      "decisionStrategy": "UNANIMOUS",
      "config": {
        "resources": "[\"fleet\"]",
        "scopes": "[\"POST\"]",
        "applyPolicies": "[\"All Admins\"]"
      }
    },
    {
      "id": "814aeb68-3f2e-4a48-a29b-929f27090371",
      "name": "Fleet Update Permission",
      "type": "scope",
      "logic": "POSITIVE",
      "decisionStrategy": "UNANIMOUS",
      "config": {
        "resources": "[\"fleet\"]",
        "scopes": "[\"PATCH\",\"PUT\"]",
        "applyPolicies": "[\"All Admins\"]"
      }
    },
    {
      "id": "1d0b0a71-026a-4537-ad12-5474f922567a",
      "name": "Fleet Read Permission",
      "type": "scope",
      "logic": "POSITIVE",
      "decisionStrategy": "UNANIMOUS",
      "config": {
        "resources": "[\"fleet\"]",
        "scopes": "[\"GET\"]",
        "applyPolicies": "[\"Any Role\"]"
      }
    },
    {
      "id": "fde470b4-a96a-459a-9d41-0e13bbe4cf02",
      "name": "Aircraft Create Permission",
      "type": "scope",
      "logic": "POSITIVE",
      "decisionStrategy": "UNANIMOUS",
      "config": {
        "resources": "[\"aircraft\"]",
        "scopes": "[\"POST\"]",
        "applyPolicies": "[\"All Admins\"]"
      }
    },
    {
      "id": "bbbf3de3-5b4a-43d6-b6a5-66ffdb099c40",
      "name": "Aircraft Update Permission",
      "type": "scope",
      "logic": "POSITIVE",
      "decisionStrategy": "UNANIMOUS",
      "config": {
        "resources": "[\"aircraft\"]",
        "scopes": "[\"PATCH\",\"PUT\"]",
        "applyPolicies": "[\"All Admins\"]"
      }
    },
    {
      "id": "531e8686-d167-48e6-a8d8-d4559851fa29",
      "name": "Aircraft Cloak Permission",
      "type": "scope",
      "logic": "POSITIVE",
      "decisionStrategy": "UNANIMOUS",
      "config": {
        "resources": "[\"aircraft-cloak\"]",
        "scopes": "[\"GET\",\"POST\"]",
        "applyPolicies": "[\"All Admins\"]"
      }
    },
    {
      "id": "decd6910-354e-466b-8083-52945f823b73",
      "name": "Project Create Permission",
      "type": "scope",
      "logic": "POSITIVE",
      "decisionStrategy": "UNANIMOUS",
      "config": {
        "resources": "[\"project\"]",
        "scopes": "[\"POST\"]",
        "applyPolicies": "[\"All Roles Except Viewer\"]"
      }
    },
    {
      "id": "dbd23160-99d9-4ae4-b62b-ffe4b09e4f56",
      "name": "Project Read Permission",
      "type": "scope",
      "logic": "POSITIVE",
      "decisionStrategy": "UNANIMOUS",
      "config": {
        "resources": "[\"project\"]",
        "scopes": "[\"GET\"]",
        "applyPolicies": "[\"All Roles Except Viewer\"]"
      }
    },
    {
      "id": "14710522-eb68-402f-b265-50e56ffde7ff",
      "name": "Project Update Permission",
      "type": "scope",
      "logic": "POSITIVE",
      "decisionStrategy": "UNANIMOUS",
      "config": {
        "resources": "[\"project\"]",
        "scopes": "[\"PATCH\",\"PUT\"]",
        "applyPolicies": "[\"All Roles Except Viewer\"]"
      }
    },
    {
      "id": "70ba30ca-a3f9-41be-b945-a8bd644bc998",
      "name": "Project Delete Permission",
      "type": "scope",
      "logic": "POSITIVE",
      "decisionStrategy": "UNANIMOUS",
      "config": {
        "resources": "[\"project\"]",
        "scopes": "[\"DELETE\"]",
        "applyPolicies": "[\"All Admins\"]"
      }
    },
    {
      "id": "b53a61cf-4897-437c-a77f-a6651016c5ee",
      "name": "Project Check Permission",
      "type": "scope",
      "logic": "POSITIVE",
      "decisionStrategy": "UNANIMOUS",
      "config": {
        "resources": "[\"project-check\"]",
        "scopes": "[\"POST\"]",
        "applyPolicies": "[\"Checkers and Approvers\"]"
      }
    },
    {
      "id": "4195eac7-8a37-4cd1-b28e-b34003a4dc0f",
      "name": "Project Approve Permission",
      "type": "scope",
      "logic": "POSITIVE",
      "decisionStrategy": "UNANIMOUS",
      "config": {
        "resources": "[\"project-approval\"]",
        "scopes": "[\"POST\"]",
        "applyPolicies": "[\"Approvers Only\"]"
      }
    },
    {
      "id": "47c0281d-481f-4805-9cc1-31cfeeb9817c",
      "name": "Project What If Permission",
      "type": "scope",
      "logic": "POSITIVE",
      "decisionStrategy": "UNANIMOUS",
      "config": {
        "resources": "[\"project-what-if\"]",
        "scopes": "[\"GET\",\"POST\"]",
        "applyPolicies": "[\"Any Role\"]"
      }
    },
    {
      "id": "6cd116c8-eed5-4983-8845-3f91274b813f",
      "name": "User Create Permission",
      "type": "scope",
      "logic": "POSITIVE",
      "decisionStrategy": "UNANIMOUS",
      "config": {
        "resources": "[\"user\"]",
        "scopes": "[\"POST\"]",
        "applyPolicies": "[\"IT Admin Role Only\"]"
      }
    },
    {
      "id": "23adc6a1-1ee5-494a-9f30-ca39a9b7ed6e",
      "name": "User Read Permission",
      "type": "scope",
      "logic": "POSITIVE",
      "decisionStrategy": "UNANIMOUS",
      "config": {
        "resources": "[\"user\"]",
        "scopes": "[\"GET\"]",
        "applyPolicies": "[\"All Admins\"]"
      }
    },
    {
      "id": "c2d0f2df-d7df-405e-9733-494e057e8357",
      "name": "User Update Permission",
      "type": "scope",
      "logic": "POSITIVE",
      "decisionStrategy": "UNANIMOUS",
      "config": {
        "resources": "[\"user\"]",
        "scopes": "[\"PATCH\",\"PUT\"]",
        "applyPolicies": "[\"All Admins\"]"
      }
    },
    {
      "id": "38a36634-36d8-4dcb-8a57-0a4087832ef3",
      "name": "User Delete Permission",
      "type": "scope",
      "logic": "POSITIVE",
      "decisionStrategy": "UNANIMOUS",
      "config": {
        "resources": "[\"user\"]",
        "scopes": "[\"DELETE\"]",
        "applyPolicies": "[\"IT Admin Role Only\"]"
      }
    },
    {
      "id": "859b6315-36d3-4b36-8724-37a4c231ff8e",
      "name": "Group Read Permission",
      "type": "scope",
      "logic": "POSITIVE",
      "decisionStrategy": "UNANIMOUS",
      "config": {
        "resources": "[\"group\"]",
        "scopes": "[\"GET\"]",
        "applyPolicies": "[\"All Admins\"]"
      }
    },
    {
      "id": "693ad3ed-7121-4eef-83a1-b26c3d49feab",
      "name": "Notification Create Permission",
      "type": "scope",
      "logic": "POSITIVE",
      "decisionStrategy": "UNANIMOUS",
      "config": {
        "resources": "[\"notification\"]",
        "scopes": "[\"POST\"]",
        "applyPolicies": "[\"All Admins\"]"
      }
    },
    {
      "id": "f9bb0a70-bd1f-4743-9647-1925e5b7202a",
      "name": "Notification Read Permission",
      "type": "scope",
      "logic": "POSITIVE",
      "decisionStrategy": "UNANIMOUS",
      "config": {
        "resources": "[\"notification\"]",
        "scopes": "[\"GET\"]",
        "applyPolicies": "[\"All Roles Except Viewer\"]"
      }
    },
    {
      "id": "b3da8aec-3787-499e-bd3f-0f9d836f79ef",
      "name": "ELA Delete Permission",
      "type": "scope",
      "logic": "POSITIVE",
      "decisionStrategy": "UNANIMOUS",
      "config": {
        "resources": "[\"ela\"]",
        "scopes": "[\"DELETE\"]",
        "applyPolicies": "[\"Always Deny\"]"
      }
    },
    {
      "id": "609ce3f3-33e6-4a38-b9da-436a9d10972e",
      "name": "Aircraft Delete Permission",
      "type": "scope",
      "logic": "POSITIVE",
      "decisionStrategy": "UNANIMOUS",
      "config": {
        "resources": "[\"aircraft\"]",
        "scopes": "[\"DELETE\"]",
        "applyPolicies": "[\"Always Deny\"]"
      }
    },
    {
      "id": "4603e319-8d0a-42eb-9b72-e570334a1d8c",
      "name": "Fleet Delete Permission",
      "type": "scope",
      "logic": "POSITIVE",
      "decisionStrategy": "UNANIMOUS",
      "config": {
        "resources": "[\"fleet\"]",
        "scopes": "[\"DELETE\"]",
        "applyPolicies": "[\"Always Deny\"]"
      }
    },
    {
      "id": "18abf307-2021-4aae-a894-2ab8236dc35c",
      "name": "Aircraft Read Permission",
      "type": "scope",
      "logic": "POSITIVE",
      "decisionStrategy": "UNANIMOUS",
      "config": {
        "resources": "[\"aircraft\"]",
        "scopes": "[\"GET\"]",
        "applyPolicies": "[\"Any Role\"]"
      }
    }
  ],
  "scopes": [
    {
      "id": "f5380db8-43be-4f13-bbc5-b0317f2a8c3b",
      "name": "GET"
    },
    {
      "id": "c7bae2cc-9931-4660-8139-802708a02ea3",
      "name": "POST"
    },
    {
      "id": "a25139cf-33d6-4666-991d-1b76793c94f9",
      "name": "PUT"
    },
    {
      "id": "6b289786-af13-4d0f-92a3-8d023ef94a97",
      "name": "DELETE"
    },
    {
      "id": "b19be091-f99a-4023-a713-233f765822cc",
      "name": "PATCH"
    }
  ]
}
