{
    "MetricDataQueries": [
        { 
          "Id": "e1", 
          "Expression": "MIN((MIN([m5,m6,m7,m8]))*FLOOR([m1,m2,m3,m4]))*e2/60",
          "Label": "AvailabilityTimeEachPeriod"
        },
        {
          "Id": "e2", 
          "Expression": "PERIOD(m1)/MAX([m5,m6,m7,m8])", 
          "Label": "Estimated Timeout"
        },
        { 
          "Id": "e3",
          "Expression": "100*e1/PERIOD(m1)*60", 
          "Label": "PercentAvailabilityEachPeriod"
        },
        { 
          "Id": "m1",
          "MetricStat": {
              "Metric": {
                  "Namespace": "AWS/ApplicationELB",
                  "MetricName": "HealthyHostCount",
                  "Dimensions": [
                       {
                            "Name": "LoadBalancer",
                            "Value": "app/nonprod-ecs-alb/8542d6c2d8a60bba"
                        },
                        {
                            "Name": "TargetGroup",
                            "Value": "targetgroup/nonprod-keycloak-tg/f2dafe1c75021f33"
                        } 
                  ] 
              },
              "Period": 300,
              "Stat": "Minimum",
              "Unit": "Count"
             },
             "ReturnData": false
        },
        { 
          "Id": "m2",
          "MetricStat": {
              "Metric": {
                  "Namespace": "AWS/ApplicationELB",
                  "MetricName": "HealthyHostCount",
                  "Dimensions": [
                       {
                            "Name": "LoadBalancer",
                            "Value": "app/nonprod-ecs-alb/8542d6c2d8a60bba"
                        },
                        {
                            "Name": "TargetGroup",
                            "Value": "targetgroup/nonprod-ecs-alb-target-group/998ad8d598b287ac"
                        } 
                  ] 
              },
              "Period": 300,
              "Stat": "Minimum",
              "Unit": "Count"
             },
             "ReturnData": false
        },
        { 
          "Id": "m3",
          "MetricStat": {
              "Metric": {
                  "Namespace": "AWS/ApplicationELB",
                  "MetricName": "HealthyHostCount",
                  "Dimensions": [
                       {
                            "Name": "LoadBalancer",
                            "Value": "app/nonprod-ecs-alb/8542d6c2d8a60bba"
                        },
                        {
                            "Name": "TargetGroup",
                            "Value": "targetgroup/nonprod-ela-api-tg/d5bb97c2d8b31f2a"
                        } 
                  ] 
              },
              "Period": 300,
              "Stat": "Minimum",
              "Unit": "Count"
             },
             "ReturnData": false
        },
        { 
          "Id": "m4",
          "MetricStat": {
              "Metric": {
                  "Namespace": "AWS/ApplicationELB",
                  "MetricName": "HealthyHostCount",
                  "Dimensions": [
                       {
                            "Name": "LoadBalancer",
                            "Value": "app/nonprod-ecs-alb/8542d6c2d8a60bba"
                        },
                        {
                            "Name": "TargetGroup",
                            "Value": "targetgroup/nonprod-ela-ui-tg/92770141a76e7443"
                        } 
                  ] 
              },
              "Period": 300,
              "Stat": "Minimum",
              "Unit": "Count"
             },
             "ReturnData": false
        },
        { 
          "Id": "m5",
          "MetricStat": {
              "Metric": {
                  "Namespace": "AWS/ApplicationELB",
                  "MetricName": "HealthyHostCount",
                  "Dimensions": [
                       {
                            "Name": "LoadBalancer",
                            "Value": "app/nonprod-ecs-alb/8542d6c2d8a60bba"
                        },
                        {
                            "Name": "TargetGroup",
                            "Value": "targetgroup/nonprod-keycloak-tg/f2dafe1c75021f33"
                        } 
                  ] 
              },
              "Period": 300,
              "Stat": "SampleCount",
              "Unit": "Count"
             },
             "ReturnData": false
        },
        { 
          "Id": "m6",
          "MetricStat": {
              "Metric": {
                  "Namespace": "AWS/ApplicationELB",
                  "MetricName": "HealthyHostCount",
                  "Dimensions": [
                       {
                            "Name": "LoadBalancer",
                            "Value": "app/nonprod-ecs-alb/8542d6c2d8a60bba"
                        },
                        {
                            "Name": "TargetGroup",
                            "Value": "targetgroup/nonprod-ecs-alb-target-group/998ad8d598b287ac"
                        } 
                  ] 
              },
              "Period": 300,
              "Stat": "SampleCount",
              "Unit": "Count"
             },
             "ReturnData": false
        },
        { 
          "Id": "m7",
          "MetricStat": {
              "Metric": {
                  "Namespace": "AWS/ApplicationELB",
                  "MetricName": "HealthyHostCount",
                  "Dimensions": [
                       {
                            "Name": "LoadBalancer",
                            "Value": "app/nonprod-ecs-alb/8542d6c2d8a60bba"
                        },
                        {
                            "Name": "TargetGroup",
                            "Value": "targetgroup/nonprod-ela-api-tg/d5bb97c2d8b31f2a"
                        } 
                  ] 
              },
              "Period": 300,
              "Stat": "SampleCount",
              "Unit": "Count"
             },
             "ReturnData": false
        },
        { 
          "Id": "m8",
          "MetricStat": {
              "Metric": {
                  "Namespace": "AWS/ApplicationELB",
                  "MetricName": "HealthyHostCount",
                  "Dimensions": [
                       {
                            "Name": "LoadBalancer",
                            "Value": "app/nonprod-ecs-alb/8542d6c2d8a60bba"
                        },
                        {
                            "Name": "TargetGroup",
                            "Value": "targetgroup/nonprod-ela-ui-tg/92770141a76e7443"
                        } 
                  ] 
              },
              "Period": 300,
              "Stat": "SampleCount",
              "Unit": "Count"
             },
             "ReturnData": false
        }
    ],
    "StartTime": "2019-07-18T00:00:00",
    "EndTime": "2019-08-18T23:59:59"
}
