{
    "MetricDataQueries": [
        { 
          "Id": "e1", 
          "Expression": "MIN((MIN([m5,m6,m7,m8]))*FLOOR([m1,m2,m3,m4]))*e2/60",
          "Label": "AvailabilityTimeEachPeriod"
        },
        {
          "Id": "e2", 
          "Expression": "PERIOD(m1)/MAX([m5,m6,m7,m8])", 
          "Label": "Estimated Timeout"
        },
        { 
          "Id": "e3",
          "Expression": "100*e1/PERIOD(m1)*60", 
          "Label": "PercentAvailabilityEachPeriod"
        },
        { 
          "Id": "m1",
          "MetricStat": {
              "Metric": {
                  "Namespace": "AWS/ApplicationELB",
                  "MetricName": "HealthyHostCount",
                  "Dimensions": [
                       {
                            "Name": "LoadBalancer",
                            "Value": "app/prod-ecs-alb/d51c9c78f04805f1"
                        },
                        {
                            "Name": "TargetGroup",
                            "Value": "targetgroup/prod-keycloak-tg/a178d65b42fadd92"
                        } 
                  ] 
              },
              "Period": 300,
              "Stat": "Minimum",
              "Unit": "Count"
             },
             "ReturnData": false
        },
        { 
          "Id": "m2",
          "MetricStat": {
              "Metric": {
                  "Namespace": "AWS/ApplicationELB",
                  "MetricName": "HealthyHostCount",
                  "Dimensions": [
                       {
                            "Name": "LoadBalancer",
                            "Value": "app/prod-ecs-alb/d51c9c78f04805f1"
                        },
                        {
                            "Name": "TargetGroup",
                            "Value": "targetgroup/prod-ecs-alb-target-group/48b78990f8856859"
                        } 
                  ] 
              },
              "Period": 300,
              "Stat": "Minimum",
              "Unit": "Count"
             },
             "ReturnData": false
        },
        { 
          "Id": "m3",
          "MetricStat": {
              "Metric": {
                  "Namespace": "AWS/ApplicationELB",
                  "MetricName": "HealthyHostCount",
                  "Dimensions": [
                       {
                            "Name": "LoadBalancer",
                            "Value": "app/prod-ecs-alb/d51c9c78f04805f1"
                        },
                        {
                            "Name": "TargetGroup",
                            "Value": "targetgroup/prod-ela-api-tg/13a23269684d8f68"
                        } 
                  ] 
              },
              "Period": 300,
              "Stat": "Minimum",
              "Unit": "Count"
             },
             "ReturnData": false
        },
        { 
          "Id": "m4",
          "MetricStat": {
              "Metric": {
                  "Namespace": "AWS/ApplicationELB",
                  "MetricName": "HealthyHostCount",
                  "Dimensions": [
                       {
                            "Name": "LoadBalancer",
                            "Value": "app/prod-ecs-alb/d51c9c78f04805f1"
                        },
                        {
                            "Name": "TargetGroup",
                            "Value": "targetgroup/prod-ela-ui-tg/579ffc4a4b6d0d2e"
                        } 
                  ] 
              },
              "Period": 300,
              "Stat": "Minimum",
              "Unit": "Count"
             },
             "ReturnData": false
        },
        { 
          "Id": "m5",
          "MetricStat": {
              "Metric": {
                  "Namespace": "AWS/ApplicationELB",
                  "MetricName": "HealthyHostCount",
                  "Dimensions": [
                       {
                            "Name": "LoadBalancer",
                            "Value": "app/prod-ecs-alb/d51c9c78f04805f1"
                        },
                        {
                            "Name": "TargetGroup",
                            "Value": "targetgroup/prod-keycloak-tg/a178d65b42fadd92"
                        } 
                  ] 
              },
              "Period": 300,
              "Stat": "SampleCount",
              "Unit": "Count"
             },
             "ReturnData": false
        },
        { 
          "Id": "m6",
          "MetricStat": {
              "Metric": {
                  "Namespace": "AWS/ApplicationELB",
                  "MetricName": "HealthyHostCount",
                  "Dimensions": [
                       {
                            "Name": "LoadBalancer",
                            "Value": "app/prod-ecs-alb/d51c9c78f04805f1"
                        },
                        {
                            "Name": "TargetGroup",
                            "Value": "targetgroup/prod-ecs-alb-target-group/48b78990f8856859"
                        } 
                  ] 
              },
              "Period": 300,
              "Stat": "SampleCount",
              "Unit": "Count"
             },
             "ReturnData": false
        },
        { 
          "Id": "m7",
          "MetricStat": {
              "Metric": {
                  "Namespace": "AWS/ApplicationELB",
                  "MetricName": "HealthyHostCount",
                  "Dimensions": [
                       {
                            "Name": "LoadBalancer",
                            "Value": "app/prod-ecs-alb/d51c9c78f04805f1"
                        },
                        {
                            "Name": "TargetGroup",
                            "Value": "targetgroup/prod-ela-api-tg/13a23269684d8f68"
                        } 
                  ] 
              },
              "Period": 300,
              "Stat": "SampleCount",
              "Unit": "Count"
             },
             "ReturnData": false
        },
        { 
          "Id": "m8",
          "MetricStat": {
              "Metric": {
                  "Namespace": "AWS/ApplicationELB",
                  "MetricName": "HealthyHostCount",
                  "Dimensions": [
                       {
                            "Name": "LoadBalancer",
                            "Value": "app/prod-ecs-alb/d51c9c78f04805f1"
                        },
                        {
                            "Name": "TargetGroup",
                            "Value": "targetgroup/prod-ela-ui-tg/579ffc4a4b6d0d2e"
                        } 
                  ] 
              },
              "Period": 300,
              "Stat": "SampleCount",
              "Unit": "Count"
             },
             "ReturnData": false
        }
    ],
    "StartTime": "2019-09-01T00:00:00",
    "EndTime": "2019-09-30T23:59:59"
}
