<?xml version="1.0" encoding="UTF-8"?>
<feature
      id="org.jkiss.dbeaver.rcp.feature"
      label="%featureName"
      version="2.1.96.201911171645"
      provider-name="%providerName">

    <description>
      %description
    </description>

    <copyright>
      %copyright
    </copyright>

    <license url="%licenseURL">
      %license
    </license>

<!--
    <includes id="org.eclipse.rcp" version="0.0.0"/>

    <plugin id="com.ibm.icu.base" download-size="0" install-size="0" version="0.0.0" unpack="false"/>
    <plugin id="org.eclipse.draw2d" download-size="0" install-size="0" version="0.0.0" unpack="false"/>
    <plugin id="org.eclipse.gef" download-size="0" install-size="0" version="0.0.0" unpack="false"/>
-->

    <requires>
        <import plugin="org.eclipse.core.runtime" version="3.7" match="greaterOrEqual"/>
    </requires>

    <plugin id="com.ibm.icu.base" download-size="192" install-size="401" version="58.2.0.v20170418-1837" unpack="false"/>

    <plugin id="javax.annotation" download-size="28" install-size="58" version="1.2.0.v201602091430" unpack="false"/>
    <plugin id="javax.inject" download-size="14" install-size="24" version="1.0.0.v20091030" unpack="false"/>

    <plugin id="org.w3c.css.sac" download-size="35" install-size="61" version="1.3.1.v200903091627" unpack="false"/>

    <plugin id="org.apache.batik.css" download-size="351" install-size="709" version="1.11.0.v20190515-0436" unpack="false"/>
    <plugin id="org.apache.batik.util" download-size="144" install-size="283" version="1.11.0.v20190515-0436" unpack="false"/>

    <plugin id="org.apache.commons.io" download-size="227" install-size="450" version="2.6.0.v20190123-2029" unpack="false"/>

    <plugin id="org.eclipse.compare.core" download-size="66" install-size="128" version="3.6.700.v20190925-1021" unpack="false"/>
    <plugin id="org.eclipse.core.commands" download-size="112" install-size="213" version="3.9.600.v20190926-0808" unpack="false"/>
    <plugin id="org.eclipse.core.contenttype" download-size="98" install-size="210" version="3.7.500.v20190916-2125" unpack="false"/>
    <plugin id="org.eclipse.core.databinding" download-size="173" install-size="403" version="1.7.700.v20191027-1703" unpack="false"/>
    <plugin id="org.eclipse.core.databinding.observable" download-size="303" install-size="719" version="1.8.100.v20190926-0808" unpack="false"/>
    <plugin id="org.eclipse.core.databinding.property" download-size="160" install-size="428" version="1.7.200.v20190926-0808" unpack="false"/>
    <plugin id="org.eclipse.core.expressions" download-size="92" install-size="181" version="3.6.600.v20191005-1353" unpack="false"/>
    <plugin id="org.eclipse.core.filesystem" download-size="65" install-size="122" version="1.7.600.v20190910-1529" unpack="false"/>
    <plugin id="org.eclipse.core.jobs" download-size="105" install-size="208" version="3.10.600.v20191026-0839" unpack="false"/>
    <plugin id="org.eclipse.core.resources" download-size="873" install-size="1904" version="3.13.600.v20191022-1134" unpack="false"/>
    <plugin id="org.eclipse.e4.core.commands" download-size="25" install-size="45" version="0.12.800.v20190926-0808" unpack="false"/>
    <plugin id="org.eclipse.e4.core.contexts" download-size="47" install-size="93" version="1.8.300.v20191017-1404" unpack="false"/>
    <plugin id="org.eclipse.e4.core.di" download-size="51" install-size="106" version="1.7.500.v20190916-2125" unpack="false"/>
    <plugin id="org.eclipse.e4.core.di.extensions" download-size="11" install-size="14" version="0.15.300.v20190213-1308" unpack="false"/>
    <plugin id="org.eclipse.e4.core.services" download-size="70" install-size="129" version="2.2.100.v20190925-0538" unpack="false"/>
    <plugin id="org.eclipse.e4.ui.bindings" download-size="44" install-size="92" version="0.12.700.v20190926-0808" unpack="false"/>
    <plugin id="org.eclipse.e4.ui.css.core" download-size="207" install-size="424" version="0.12.900.v20191014-1022" unpack="false"/>
    <plugin id="org.eclipse.e4.ui.css.swt" download-size="248" install-size="523" version="0.13.700.v20191018-1207" unpack="false"/>
    <plugin id="org.eclipse.e4.ui.css.swt.theme" download-size="28" install-size="51" version="0.12.500.v20191004-1408" unpack="false"/>
    <plugin id="org.eclipse.e4.ui.di" download-size="16" install-size="24" version="1.2.700.v20190930-1643" unpack="false"/>
    <plugin id="org.eclipse.e4.ui.model.workbench" download-size="393" install-size="1194" version="2.1.600.v20191025-1525" unpack="false"/>
    <plugin id="org.eclipse.e4.ui.services" download-size="24" install-size="38" version="1.3.700.v20190930-1643" unpack="false"/>
    <plugin id="org.eclipse.e4.ui.widgets" download-size="13" install-size="21" version="1.2.600.v20190926-0808" unpack="false"/>
    <plugin id="org.eclipse.e4.ui.workbench" download-size="249" install-size="534" version="1.11.0.v20191024-1147" unpack="false"/>
    <plugin id="org.eclipse.e4.ui.workbench.renderers.swt" download-size="246" install-size="559" version="0.14.900.v20191029-0848" unpack="false"/>
    <plugin id="org.eclipse.e4.ui.workbench.renderers.swt.cocoa" os="macosx" download-size="31" install-size="56" version="0.12.400.v20190926-0808" fragment="true" unpack="false"/>
    <plugin id="org.eclipse.e4.ui.workbench3" download-size="20" install-size="33" version="0.15.300.v20190926-0808" unpack="false"/>
    <plugin id="org.eclipse.e4.ui.workbench.swt" download-size="140" install-size="279" version="0.14.800.v20190930-1643" unpack="false"/>
    <plugin id="org.eclipse.e4.ui.workbench.addons.swt" download-size="114" install-size="247" version="1.3.700.v20191030-1314" unpack="false"/>

    <plugin id="org.eclipse.emf.common" download-size="366" install-size="766" version="2.17.0.v20190920-0401" unpack="false"/>
    <plugin id="org.eclipse.emf.ecore" download-size="1381" install-size="3276" version="2.20.0.v20190920-0401" unpack="false"/>
    <plugin id="org.eclipse.emf.ecore.change" download-size="100" install-size="218" version="2.14.0.v20190528-0725" unpack="false"/>
    <plugin id="org.eclipse.emf.ecore.xmi" download-size="229" install-size="488" version="2.16.0.v20190528-0725" unpack="false"/>
    <plugin id="org.eclipse.equinox.app" download-size="87" install-size="176" version="1.4.300.v20190815-1535" unpack="false"/>
    <plugin id="org.eclipse.equinox.common" download-size="120" install-size="227" version="3.10.600.v20191004-1420" unpack="false"/>
    <plugin id="org.eclipse.equinox.ds" download-size="28" install-size="57" version="1.6.100.v20191001-1333" unpack="false"/>
    <plugin id="org.eclipse.equinox.event" download-size="34" install-size="61" version="1.5.300.v20191001-1333" unpack="false"/>
    <plugin id="org.eclipse.equinox.preferences" download-size="129" install-size="265" version="3.7.600.v20191017-2055" unpack="false"/>
    <plugin id="org.eclipse.equinox.registry" download-size="189" install-size="397" version="3.8.600.v20191017-2055" unpack="false"/>
    <plugin id="org.eclipse.equinox.simpleconfigurator" download-size="44" install-size="83" version="1.3.400.v20191015-1836" unpack="false"/>
    <plugin id="org.eclipse.equinox.util" download-size="81" install-size="151" version="1.1.100.v20180827-1235" unpack="false"/>
    <plugin id="org.eclipse.help" download-size="266" install-size="686" version="3.8.500.v20190624-2105" unpack="false"/>
    <plugin id="org.eclipse.jface" download-size="1089" install-size="2205" version="3.18.0.v20191025-1625" unpack="false"/>
    <plugin id="org.eclipse.jface.databinding" download-size="293" install-size="678" version="1.9.200.v20191007-0741" unpack="false"/>
    <plugin id="org.eclipse.jface.text" download-size="1039" install-size="2216" version="3.16.100.v20191028-0954" unpack="false"/>
    <plugin id="org.eclipse.osgi" download-size="1429" install-size="3062" version="3.15.100.v20191014-1519" unpack="false"/>
    <plugin id="org.eclipse.osgi.services" download-size="125" install-size="201" version="3.8.0.v20190206-2147" unpack="false"/>
    <plugin id="org.eclipse.osgi.compatibility.state" download-size="241" install-size="595" version="1.1.600.v20190814-1451" unpack="false"/>
    <plugin id="org.eclipse.swt" download-size="16" install-size="32" version="3.113.0.v20191101-0301" unpack="false"/>

    <plugin id="org.eclipse.text" download-size="290" install-size="585" version="3.10.0.v20191004-1446" unpack="false"/>
    <plugin id="org.eclipse.ui" download-size="467" install-size="579" version="3.114.100.v20191025-0824" unpack="false"/>
    <plugin id="org.eclipse.ui.forms" download-size="319" install-size="643" version="3.8.200.v20191002-1102" unpack="false"/>
    <plugin id="org.eclipse.ui.views" download-size="107" install-size="194" version="3.10.100.v20190926-0808" unpack="false"/>
    <plugin id="org.eclipse.ui.views.log" download-size="168" install-size="290" version="1.2.900.v20190926-0808" unpack="false"/>
    <plugin id="org.eclipse.ui.workbench" download-size="3601" install-size="7756" version="3.117.0.v20191029-0958" unpack="false"/>
    <plugin id="org.eclipse.ui.workbench.texteditor" download-size="644" install-size="1376" version="3.14.0.v20191022-0726" unpack="false"/>

    <plugin id="org.eclipse.ui.intro" download-size="338" install-size="671" version="3.5.800.v20190925-0515" unpack="false"/>
    <plugin id="org.eclipse.ui.themes" download-size="55" install-size="141" version="1.2.800.v20191030-0746"/>

    <plugin id="org.eclipse.update.configurator" download-size="94" install-size="191" version="3.4.400.v20190913-2047"/>

    <!-- GEF -->

    <!-- IDE plugin -->

    <plugin id="org.eclipse.ui.ide" download-size="2451" install-size="4876" version="3.16.100.v20191025-1630" unpack="false"/>
    <plugin id="org.eclipse.ui.editors" download-size="603" install-size="1340" version="3.13.0.v20191024-1414"/>

    <!-- Eclipse Mars additions -->

    <plugin id="org.eclipse.e4.core.di.annotations" download-size="11" install-size="15" version="1.6.500.v20190925-0538" unpack="false"/>
    <plugin id="org.eclipse.e4.emf.xpath" download-size="50" install-size="98" version="0.2.500.v20191021-1408" unpack="false"/>
    <plugin id="org.apache.commons.jxpath" download-size="308" install-size="642" version="1.3.0.v200911051830" unpack="false"/>

    <!-- 3rd party -->

    <plugin id="com.jcraft.jsch" download-size="297" install-size="539" version="0.1.55.v20190404-1902" unpack="false"/>
    <plugin id="org.apache.commons.logging" download-size="71" install-size="145" version="1.2.0.v20180409-1502" unpack="false"/>
    <plugin id="org.objectweb.asm" download-size="123" install-size="246" version="7.2.0.v20191010-1910" unpack="false"/>

    <!-- OS dependent -->

<!--
    <plugin id="org.eclipse.core.resources.win32.x86" os="win32" arch="x86" download-size="0" install-size="0" version="0.0.0" fragment="true" unpack="false"/>
    <plugin id="org.eclipse.core.filesystem.win32.x86" os="win32" arch="x86" download-size="0" install-size="0" version="0.0.0" fragment="true" unpack="false"/>
    <plugin id="org.eclipse.swt.win32.win32.x86" os="win32" ws="win32" arch="x86" download-size="0" install-size="0" version="0.0.0" fragment="true" unpack="false"/>
-->

    <plugin id="org.eclipse.core.resources.win32.x86_64" os="win32" arch="x86_64" download-size="57" install-size="109" version="3.5.400.v20190812-0909" fragment="true" unpack="false"/>
    <plugin id="org.eclipse.core.filesystem.win32.x86_64" os="win32" arch="x86_64" download-size="37" install-size="73" version="1.4.200.v20190812-0909" fragment="true" unpack="false"/>
    <plugin id="org.eclipse.swt.win32.win32.x86_64" os="win32" ws="win32" arch="x86_64" download-size="2379" install-size="4947" version="3.113.0.v20191101-0301" fragment="true" unpack="false"/>

<!--
    <plugin id="org.eclipse.core.filesystem.linux.x86" os="linux" arch="x86" download-size="0" install-size="0" version="0.0.0" fragment="true" unpack="false"/>
    <plugin id="org.eclipse.swt.gtk.linux.x86" os="linux" ws="gtk" arch="x86" download-size="0" install-size="0" version="0.0.0" fragment="true" unpack="false"/>
-->

    <plugin id="org.eclipse.core.filesystem.linux.x86_64" os="linux" arch="x86_64" download-size="11" install-size="21" version="1.2.300.v20180828-0158" fragment="true" unpack="false"/>
    <plugin id="org.eclipse.swt.gtk.linux.x86_64" os="linux" ws="gtk" arch="x86_64" download-size="2126" install-size="5027" version="3.113.0.v20191101-0301" fragment="true" unpack="false"/>

    <plugin id="org.eclipse.core.filesystem.macosx" os="macosx" download-size="16" install-size="44" version="1.3.200.v20190903-0945" fragment="true" unpack="false"/>
    <plugin id="org.eclipse.swt.cocoa.macosx.x86_64" os="macosx" ws="cocoa" arch="x86_64" download-size="2101" install-size="4806" version="3.113.0.v20191101-0301" fragment="true" unpack="false"/>

</feature>
