id,name,efficiency_type,version,created,updated
1f345933-72d8-432c-a30a-1e792386f2cb,A330TRUTable,TRU,1,2019-11-20 00:00:00,
d4f01850-639e-4592-a860-dcb0419a6d42,A330ATUTable,ATU,1,2019-11-20 00:00:00,
c8ee0963-f1ce-47e9-94c9-4362cb7ed39b,A320TRUTable,TRU,1,2019-12-12 00:00:00,
0a279954-2671-49bf-8edd-abd34de8c8f4,A320TRUESSTable,TRU_ESS,1,2019-12-12 00:00:00,
e73121cb-eef5-43d0-a9cb-02b13730fdf5,A320ATUTable,ATU,1,2019-12-12 00:00:00,
e890f959-f9e6-484e-bb2e-0a77910ea348,B737TRUTable,TRU,1,2019-03-15 00:00:00,
d14550bf-0a6e-4aea-9e78-3b8fbb8f4db4,B737ATUTable,ATU,1,2019-03-15 00:00:00,
588e07cf-45e4-4e34-850b-84720c0b1571,B757TRUTable,TRU,1,2019-03-15 00:00:00,
275aabff-61c6-4629-80df-2E1b871b6d17,B757ATUTable,ATU,1,2019-03-15 00:00:00,
9cc7ef17-69bb-4060-89a9-9ae4c6971278,B717ATUTable,ATU,1,2019-08-31 00:00:00,
