﻿Tree,,,,,,,Type,AC/DC,Source Voltage,Output Rating,Restricted,Authorized,Sheddable,Normal TR,Notes
GEN 1,,,,,,,GENERATOR,AC3,115V,90kVA,,,,,
,1IWXP,,,,,,BUS,AC3,115V,,TRUE,,,,
,1XP,,,,,,BUS,AC3,115V,,TRUE,,,,
,,101XP,,,,,BUS,AC3,115V,50A,,TRUE,NO,,
,,103XP,,,,,BUS,AC3,115V,50A,,TRUE,NO,,
,,110XP,,,,,BUS,AC3,115V,20A,,TRUE,NO,,
,,4IWXP,,,,,BUS,AC3,115V,,TRUE,,,,
,,4XP,,,,,BUS,AC3,115V,,TRUE,,,,
,,,401XP,,,,BUS,AC3,115V,,TRUE,,,,
,,,8XP,,,,BUS,AC3,115V,,TRUE,,,,
,,,,801XP,,,BUS,AC3,115V,,TRUE,,,,
,,,A/XFMR Ess,,,,ATU,ACA,115V,78VA,,,,,
,,,,431XP,,,BUS,ACA,26V,3A,TRUE,,,,
,,A/XFMR 1,,,,,ATU,ACA,115V,150VA,,,,,
,,,131XP,,,,BUS,ACA,26V,10A,,TRUE,NO,,
,,TR 1,,,,,TRU,AC3,115V,200A,,,,YES,
,,,1IWPP,,,,BUS,DC,28V,,TRUE,,,,
,,,1PP,,,,BUS,DC,28V,,TRUE,,,,
,,,,101PP,,,BUS,DC,28V,50A,,TRUE,NO,,
,,,,103PP,,,BUS,DC,28V,50A,,TRUE,NO,,
,,,,3PP,,,BUS,DC,28V,,TRUE,,,,
,,,,,301PP,,BUS,DC,28V,,TRUE,,,,
,,,TR ESS,,,,BUS,DC,28V,200A,,,,,
,,,,4IWPP,,,BUS,DC,28V,,TRUE,,,,
,,,,4PP,,,BUS,DC,28V,,TRUE,,,,
,,,,,401PP,,BUS,DC,28V,80A,TRUE,,,,
,,,,,8PP,,BUS,DC,28V,,TRUE,,,,
,,,,,,801PP,BUS,DC,28V,80A,TRUE,,,,
,,,,,,802PP,BUS,DC,28V,,TRUE,,,,If installed
GEN 2,,,,,,,GENERATOR,AC3,115V,90kVA,,,,,
,2IWXP,,,,,,BUS,AC3,115V,,TRUE,,,,
,2XP,,,,,,BUS,AC3,115V,,TRUE,,,,
,,202XP,,,,,BUS,AC3,115V,50A,,TRUE,NO,,
,,204XP,,,,,BUS,AC3,115V,50A,,TRUE,NO,,
,,210XP,,,,,BUS,AC3,115V,20A,,TRUE,NO,,Manually sheddable (GALLEY (& CAB) P/B or COMMERCIAL P/B) if modification 20343/P0473 or 31276/P7175 or SB24-1112 are installed.
,,212XP,,,,,BUS,AC3,115V,50A Shared,,TRUE,NO,,Manually sheddable (GALLEY (& CAB) P/B or COMMERCIAL P/B) if modification 20343/P0473 or 31276/P7175 or SB24-1112 are installed.
,,214XP,,,,,BUS,AC3,115V,25A,,TRUE,NO,,
,,216XP,,,,,BUS,AC3,115V,50A Shared,,TRUE,NO,,
,,218XP,,,,,BUS,AC3,115V,50A Shared,,TRUE,YES,,If installed
,,220XP,,,,,BUS,AC3,115V,50A Shared,,TRUE,YES,,If installed
,,A/XFMR 2,,,,,ATU,ACA,115V,150VA,,,,,
,,,231XP,,,,BUS,ACA,26V,10A,,TRUE,NO,,
,,TR 2,,,,,TRU,AC3,28V,200A,,,,YES,
,,,2IWPP,,,,BUS,DC,28V,,TRUE,,,,
,,,2PP,,,,BUS,DC,28V,,TRUE,,,,
,,,,202PP,,,BUS,DC,28V,50A,,TRUE,NO,,
,,,,204PP,,,BUS,DC,28V,50A,,TRUE,NO,,
,,,,206PP,,,BUS,DC,28V,50A Shared,,TRUE,NO,,
,,,,208PP,,,BUS,DC,28V,50A Shared,,TRUE,NO,,
,,,,210PP,,,BUS,DC,28V,50A Shared,,TRUE,YES,,If installed
,,,,212PP,,,BUS,DC,28V,50A Shared,,TRUE,YES,,If installed
,,,,6PP,,,BUS,DC,28V,,TRUE,,,,
,,,,,601PP,,BUS,DC,28V,50A Shared,,TRUE,NO,,
,,,,,602PP,,BUS,DC,28V,50A Shared,,TRUE,NO,,
,,TR-Entertainment,,,,,TRU,AC3,115V,200A,,,,,If installed
,,,240PP,,,,BUS,DC,28V,,TRUE,,,,If installed
,,,241PP,,,,BUS,DC,28V,50A,,TRUE,YES,,If installed
,,,242PP,,,,BUS,DC,28V,50A,,TRUE,YES,,If installed
,,,243PP,,,,BUS,DC,28V,50A,,TRUE,YES,,If installed
,,,244PP,,,,BUS,DC,28V,50A,,TRUE,YES,,If installed
GEN APU,,,,,,,APU,AC3,115V,90kVA,,,,,
BAT 1,,,,,,,BATTERY,DC,28V,23Ah,TRUE,,,,
,701PP,,,,,,BUS,DC,28V,,TRUE,,,,
,703PP,,,,,,BUS,DC,28V,,TRUE,,,,
BAT 2,,,,,,,BATTERY,DC,28V,23Ah,TRUE,,,,
,702PP,,,,,,BUS,DC,28V,,TRUE,,,,
,704PP,,,,,,BUS,DC,28V,,TRUE,,,,
