Bus Tree,,,,,,,Nomenclature,TYPE,AC/DC,Source Voltage,Output Rating,Circuit Breaker #,Restricted,Authorized,Sheddable,Notes
GEN L,,,,,,,GEN L,GENERATOR,AC3,115V,120 kVA,,,,,
,LMAC,,,,,,L MAIN AC,BUS,AC3,115V,1043A,,,,,
,,LS1,,,,,L AC SEC 1,BUS,AC3,115V,65A,C24307,,,YES,
,,,ATU T24105,,,,28V AC TRANSFORMER,ATU,ACA,115V,19A,C24449,,,YES,
,,,,L28A,,,L 28V AC,BUS,ACA,28V,,,,,YES,
,,LS2,,,,,L AC SEC 2,BUS,AC3,115V,50A,C24309,,,YES,
,,,LS2P11,,,,L AC SEC 2 DISTR P11,BUS,AC3,115V,15A,C24343,,,YES,
,,LXR,,,,,L AC XFR,BUS,AC3,115V,50A,C24319,,,,
,,,TRU L,,,,TRU L,TRU,AC3,115V,150A,C24303,,,,
,,,,LMDC,,,L MAIN DC,BUS,DC,28V,,,,,,
,,,,,LMDCP11,,L MAIN DC DISTR P11,BUS,DC,28V,50A,C24609,,,,
,,,TRU C1,,,,C1 TRU,TRU,AC3,115V,140A,C24341,,,,
,,,,CFID,,,CAPT FLT INSTR,BUS,DC,28V,,,,,,
,,,,,CFIDP11,,CAPT FLT INSTR DISTR P11,BUS,DC,28V,50A,C24616,,,,
,,,,,CFIDP310,,CAPT FLT INSTR DISTR P310,BUS,DC,28V,35A,C24682,,,,
,,,,,BB2,,BATTERY SEC 2,BUS,DC,28V,,,,,,
,,,LXRP11,,,,L AC XFR DISTR P11,BUS,AC3,115V,15A,C24321,,,,
,,,LXRP110,,,,L AC XFR DISTR P110,BUS,AC3,115V,25A,C24339,,,,
,,,ASBYC,,,,AC STBY,BUS,ACC,115V,10A,C24415,,,,
,,,,ASBYP11C,,,AC STBY DISTR P11,BUS,ACC,115V,,,,,,
,,,,ASBYP310C,,,AC STBY DISTR P310,BUS,ACC,115V,,,,,,
,,,,ATU T24005,,,28V AC TRANSFORMER,ATU,ACC,115V,19A,C24420,,,,
,,,,,SB28C,,28V AC STBY,BUS,ACC,28V,,,,,,
,,UTL,,,,,L AC UTILITY,BUS,AC3,115V,,,,,YES,
,,DR2GLY,,,,,DOOR 2/MID GALLEY,BUS,AC3,115V,,,,,YES,
,,LS3,,,,,L AC SEC 3,BUS,AC3,115V,,,,,YES,if installed
GEN R,,,,,,,GEN R,GENERATOR,AC3,115V,120 kVA,,,,,
,RMAC,,,,,,R MAIN AC,BUS,AC3,115V,1043A,,,,,
,,RS1,,,,,R AC SEC 1,BUS,AC3,115V,65A,C24306,,,YES,
,,,ATU T24205,,,,28V AC TRANSFORMER,ATU,ACA,115V,19A,C24448,,,YES,
,,,,R28A,,,R 28V AC,BUS,ACA,28V,,,,,YES,
,,RS2,,,,,R AC SEC 2,BUS,AC3,115V,50A,C24308,,,YES,
,,,RS2P11,,,,R AC SEC 2 DISTR P11,BUS,AC3,115V,15A,C24338,,,YES,
,,RXR,,,,,R AC XFR,BUS,AC3,115V,50A,C24318,,,,
,,,RXRP11,,,,R AC XFR DISTR P11,BUS,AC3,115V,15A,C24344,,,,
,,,RXRP210,,,,R AC XFR DISTR P210,BUS,AC3,115V,25A,C24324,,,,
,,,TRU R,,,,TRU R,TRU,AC3,115V,150A,C24302,,,,
,,,,RMDC,,,R MAIN DC,BUS,DC,28V,,C24654,,,,
,,,,,RMDCP11,,R MAIN DC DISTR P11,BUS,DC,28V,50A,C24610,,,,
,,,,,RDCSHED,,R DC SHED BUS1 PWR,BUS,DC,28V,25A,C24693,,,YES,
,,,TRU C2,,,,TRU C2,TRU,AC3,115V,140A,C24340,,,,
,,,,FFID,,,F/O FLT INSTR,BUS,DC,28V,,,,,,
,,,,,FFIDP11,,F/O FLT INSTR DISTR P11,BUS,DC,28V,50A,C24614,,,,
,,UTR,,,,,R AC UTILITY,BUS,AC3,115V,,,,,,
,,DR1GLY,,,,,DOOR 1/FWD GALLEY,BUS,AC3,115V,,,,,YES,
,,DR4RGLY,,,,,DOOR 4/AFT GALLEY,BUS,AC3,115V,,,,,YES,
,,GS1,,,,,AC GND SVCE SEC 1,BUS,AC3,115V,35A,C24322,,,,
,,,ATU T24001,,,,28V AC TRANSFORMER,ATU,ACC,115V,15A,C24450,,,,
,,,,GS28C,,,28V AC GND SVCE SECT 1,BUS,ACC,28V,,,,,,
,,GS2,,,,,AC GND SVCE SEC 2,BUS,AC3,115V,35A,C24323,,,,
GEN-APU,,,,,,,APU GEN,APU,AC3,115V,,,,,,
,AGHB,,,,,,AC GND HDLG,TRU,AC3,115V,,,,,,
,,AGHBP320,,,,,AC GND HDLG DISTR P320,BUS,AC3,115V,50A,C24342,,,,
,,,ATU M24021,,,,28V DC TRANSFORMER,ATU,ACC,115V,19A,C24325,,,,
,,,,DGHB,,,DC GND HDLG,BUS,DC,28V,,,,,,
HBB,,,,,,,HOT BATTERY,BUS,DC,28V,,,,,,
,HBBP310,,,,,,HOT BATTERY DISTR P310,BUS,DC,28V,35A,C24681,,,,
,,HBBP11,,,,,HOT BATTERY DISTR P11,BUS,DC,28V,15A,C24607,,,,
BB1,,,,,,,BATTERY,BUS,DC,28V,,,,,,
,BBP11,,,,,,BATTERY DISTR P11,BUS,DC,28V,50A,C24613,,,,
,,BBP310,,,,,BATTERY DISTR P310,BUS,DC,28V,35A,C24683,,,,
APUD,,,,,,,APU BATTERY,BUS,DC,28V,,,,,,
INVERTER,,,,,,,STATIC INVERTER,INVERTER,DC,26V,1kVA,,,,,85% Efficiency at all loads
