﻿Tree,,,,,,,Type,AC/DC,Source Voltage,Output Rating,Restricted,Authorized,Sheddable,Normal TR,Notes
GEN 1,,,,,,,GENERATOR,AC3,115V,115kVA,,,,,
,1IWXP,,,,,,BUS,AC3,115V,,TRUE,,,,
,1XP,,,,,,BUS,AC3,115V,,TRUE,,,,
,,101XP,,,,,BUS,AC3,115V,50A,,TRUE,,,
,,103XP,,,,,BUS,AC3,115V,50A,,TRUE,,,
,,105XP,,,,,BUS,AC3,115V,50A,,TRUE,,,
,,107XP,,,,,BUS,AC3,115V,35/50/60A,,TRUE,YES,,If installed
,,111XP,,,,,BUS,AC3,115V,50A,,TRUE,,,
,,113XP,,,,,BUS,AC3,115V,50A,,TRUE,,,Special ground phase calc
,,115XP,,,,,BUS,AC3,115V,50A,,TRUE,YES,,
,,117XP,,,,,BUS,AC3,115V,50A,,TRUE,YES,,If installed
,,4XP,,,,,BUS,AC3,115V,,TRUE,,,,
,,,401XP,,,,BUS,AC3,115V,20A,TRUE,,,,
,,9XP,,,,,BUS,AC3,115V,,TRUE,,,,
,,,901XP,,,,BUS,AC3,115V,,TRUE,,,,
,,,903XP,,,,BUS,AC3,115V,,TRUE,,,,If installed
,,,905XP,,,,BUS,AC3,115V,,TRUE,,,,
,,,A/XFMR ESS,,,,ATU,ACA,115V,130VA,,,,,
,,,,931XP,,,BUS,ACA,26V,5A,TRUE,,,,
,,A/XFMR 1,,,,,ATU,ACA,115V,60VA,,,,,
,,,131XP,,,,BUS,ACA,26V, ,,TRUE,,,
,,TR 1,,,,,TRU,AC3,115V,220A or 200A,,,,YES,SB 24-3048
,,,1PP,,,,BUS,DC,28V,,TRUE,,,,
,,,,101PP,,,BUS,DC,28V,50A,,TRUE,,,
,,,,103PP,,,BUS,DC,28V,50A,,TRUE,,,
,,,,105PP,,,BUS,DC,28V,50A,,TRUE,,,
,,,3PP,,,,BUS,DC,28V,,TRUE,,,,
,,,,301PP,,,BUS,DC,28V,,TRUE,,,,
,,,,303PP,,,BUS,DC,28V,,TRUE,,,,
,,TR ESS,,,,,TRU,AC3,115V,100A,,,,,
,,,4IWPP,,,,BUS,DC,28V,,TRUE,,,,
,,,4PP,,,,BUS,DC,28V,,TRUE,,,,
,,,,401PP,,,BUS,DC,28V,,TRUE,,,,
,,,,403PP,,,BUS,DC,28V,,TRUE,,,,
,,,,407PP,,,BUS,DC,28V,,TRUE,,,,
,,,,470PP,,,BUS,DC,28V,,TRUE,,,,If installed
,,,,501PP,,,BUS,DC,28V,,TRUE,,,,
,,,8PP,,,,BUS,DC,28V,,TRUE,,,,
,,,,801PP,,,BUS,DC,28V,,TRUE,,,,
,,,,805PP,,,BUS,DC,28V,,TRUE,,,,
GEN 2,,,,,,,GENERATOR,AC3,115V,115kVA,,,,,
,2IWXP,,,,,,BUS,AC3,115V,,TRUE,,,,
,2XP,,,,,,BUS,AC3,115V,,TRUE,,,,
,,202XP,,,,,BUS,AC3,115V,50A,,TRUE,,,
,,204XP,,,,,BUS,AC3,115V,50A,,TRUE,,,
,,206XP,,,,,BUS,AC3,115V,50A,,TRUE,,,
,,208XP,,,,,BUS,AC3,115V,35/50A,,TRUE,YES,,
,,212XP,,,,,BUS,AC3,115V,50A,,TRUE,,,
,,214XP,,,,,BUS,AC3,115V,50A,,TRUE,,,Special ground phase calc
,,216XP,,,,,BUS,AC3,115V,20A,,TRUE,,,
,,218XP,,,,,BUS,AC3,115V,35/50A,,TRUE,YES,,If installed
,,220XP,,,,,BUS,AC3,115V,50A,,TRUE,,,If installed
,,222XP,,,,,BUS,AC3,115V,50A,,TRUE,,,If installed
,,A/XFMR 2,,,,,ATU,ACA,115V,60VA,,,,,
,,,232XP,,,,BUS,ACA,26V,60VA,,TRUE,,,
,,TR 2,,,,,TRU,AC3,115V,220A or 200A,,,,YES,
,,,2IWPP,,,,BUS,DC,28V,,TRUE,,,,
,,,2PP,,,,BUS,DC,28V,,TRUE,,,,
,,,,202PP,,,BUS,DC,28V,50A,,TRUE,,,
,,,,204PP,,,BUS,DC,28V,50A,,TRUE,,,
,,,,206PP,,,BUS,DC,28V,50A,,TRUE,,,
,,,6PP,,,,BUS,DC,28V,,TRUE,,,,
,,,,601PP,,,BUS,DC,28V,50A,,TRUE,,,
,,,,602PP,,,BUS,DC,28V,50A,,TRUE,,,Special ground phase calc
,,,,603PP,,,BUS,DC,28V,50A,,TRUE,,,Special ground phase calc
,,,,502PP,,,BUS,DC,28V,15A,,TRUE,,,
,,TR APU,,,,,TRU,AC3,115V,100A,,,,,
,,,309PP,,,,BUS,DC,28V,,TRUE,,,,
,,,909PP,,,,BUS,DC,28V,,TRUE,,,,
GEN APU,,,,,,,APU,AC3,115V,115 kVA,,,,,
BAT 1,,,,,,,BATTERY,DC,28V,,,,,,
,7PP1,,,,,,BUS,DC,28V,,TRUE,,,,
,,701PP,,,,,BUS,DC,28V,,TRUE,,,,
BAT 2,,,,,,,BATTERY,DC,28V,,,,,,
,7IWPP2,,,,,,BUS,DC,28V,,TRUE,,,,
,7PP2,,,,,,BUS,DC,28V,,TRUE,,,,
,,702PP,,,,,BUS,DC,28V,,TRUE,,,,
BAT APU,,,,,,,BATTERY,DC,28V,,,,,,
,709PP,,,,,,BUS,DC,28V,,TRUE,,,,