Bus Tree,,,,,,,Nomenclature,TYPE,AC/DC,Source Voltage,Output Rating,Circuit Breaker #,Restricted,Authorized,Sheddable,Notes
GEN L,,,,,,,GEN L,GENERATOR,AC3,115V,120kVA,,,,,
,L31,,,,,,115V AC GEN BUS L,BUS,AC3,115V,347A,901,,,,
,,L1S,,,,,115V AC L SEC 1,BUS,AC3,115V,25A,313,,,,
,,,CFI,,,,CAPT INSTR XFR,BUS,AC3,115V,,4264/4265/4266,,,,
,,L1A,,,,,115V AC L SEC 2,BUS,AC3,115V,15A,308,,,,
,,L06,,,,,AC L SEC 3,BUS,AC3,115V,50A,328,,,,
,,,ACAL,,,,115V AC CENTER,BUS,ACB,115V,,876,,,,
,,,ATU 877,,,,28V AC TRANSFORMER,ATU,ACB,115V,,877,,,,
,,,,L28,,,28V AC L,BUS,ACB,28V,,877,,,,
,,L36,,,,,115V AC L SEC 4,BUS,AC3,115V,50A,310,,,,
,,LXR,,,,,115V AC L XFR,BUS,AC3,115V,20A,326,,,,
,,,ASBY,,,,115V AC STBY,BUS,ACA,115V,,874,,,,
,,,ATU 843,,,,28V AC TRANSFORMER,ATU,ACB,115V,,843,,,,
,,,,L28X,,,28V AC L XFR,BUS,ACB,28V,,843,,,,
,,L-IFE,,,,,L IFE ELCU,BUS,AC3,115V,,M7253,,,YES,
,,UTL,,,,,115V AC UTIL L,BUS,AC3,115V,50A,311,,,YES,
,,M1241,,,,,MID GALLEY PWR ELCU,BUS,AC3,115V,40kVA,M1241,,,YES,
,,M227,,,,,GALLEY L AFT PWR ELCU,BUS,AC3,115V,40kVA,M227,,,YES,
,,L-TRU,,,,,L TRU,TRU,AC3,115V,140A,312,,,,
,,,DL06,,,,28V DC TRU BUS L,BUS,DC,28V,,312,,,,
,,,,BB1S,,,BATTERY BUS,BUS,DC,28V,,886,,,,
,,,,,DSBY,,DC STANDBY BUS,BUS,DC,28V,,872,,,,
,,,,DCAL,,,28V DC CENTER,BUS,DC,28V,,884,,,,
,,,,L11S,,,DC L SEC 1,BUS,DC,28V,,882,,,,
,,,,L11A,,,DC L SEC 2,BUS,DC,28V,,883,,,,
,,,,L34D,,,DC L SEC 3,BUS,DC,28V,,1954,,,,
GEN R,,,,,,,GEN R,GENERATOR,AC3,115V,120kVA,,,,,
,R32,,,,,,115V AC GEN BUS R,BUS,AC3,115V,347A,903,,,,
,,R1S,,,,,115V AC R SEC 1,BUS,AC3,115V,25A,319,,,,
,,,FFI,,,,F/O INSTR XFR,BUS,AC3,115V,,4267,,,,
,,R1A,,,,,115V AC R SEC 2,BUS,AC3,115V,15A,307,,,,
,,R06,,,,,115V AC R SEC 3,BUS,AC3,115V,50A,329,,,,
,,,ATU 878,,,,28V AC TRANSFORMER,ATU,ACB,115V,,878,,,,
,,,,R28,,,28V AC R,BUS,ACB,28V,,878,,,,
,,R37,,,,,115V AC R SEC 4,BUS,AC3,115V,50A,317,,,,
,,RXR,,,,,115V AC R XFR,BUS,AC3,115V,10A,327,,,,
,,,ATU 844,,,,28V AC TRANSFORMER,ATU,ACB,115V,,844,,,,
,,,,R28X,,,28V AC R XFR,BUS,ACB,28V,,844,,,,
,,R-IFE,,,,,R IFE ELCU,BUS,AC3,115V,,M7254,,,YES,
,,UTR,,,,,115V AC UTIL R,BUS,AC3,115V,50A,315,,,YES,
,,M225,,,,,GALLEY FWD PWR ELCU,BUS,AC3,115V,30kVA,M225,,,YES,
,,M226,,,,,GALLEY R AFT PWR ELCU,BUS,AC3,115V,40kVA,M226,,,YES,
,,AGS,,,,,AC GND SVCE,BUS,AC3,115V,65A,K102,,,,
,,,GS2,,,,AC GND SVCE SEC 2,BUS,ACA,115V,,870,,,,
,,,ATU 871,,,,28V AC TRANSFORMER,ATU,ACC,115V,,871,,,,
,,,,G28,,,28V AC GND SVCE,BUS,ACC,28V,,871,,,,
,,R-TRU,,,,,R TRU,TRU,AC3,115V,140A,318,,,,
,,,DR06,,,,28V DC TRU BUS R,BUS,DC,28V,,318,,,,
,,,,R11S,,,DC R SEC 1,BUS,DC,28V,,891,,,,
,,,,R11A,,,DC R SEC 2,BUS,DC,28V,,890,,,,
,,,,R34D,,,DC R SEC 3,BUS,DC,28V,,1955,,,,
,,,,DRFO,,,DC R F/O DISPLAY,BUS,DC,28V,,1951,,,,
AGH,,,,,,,115V AC GND HDLG,BUS,AC3,115V,,1783,,,,
,AGH1,,,,,,AC GND HDLG 1,BUS,AC3,115V,,309,,,,
,,G-TRU,,,,,GND HDLG TRU,TRU,AC3,115V,20A,304,,,,
,,,DGHB,,,,28V DC GND HDLG,BUS,DC,28V,,304,,,,
,AGH2,,,,,,AC GND HDLG 2,BUS,AC3,115V,,1784,,,,
APUD,,,,,,,APU BATTERY BUS,BUS,DC,28V,,869,,,,
HB06,,,,,,,HOT BATTERY BUS,BUS,DC,28V,,897,,,,
APU GEN,,,,,,,AUX PWR UNIT GENERATOR,APU,AC3,115V,120kVA,,,,,
HMG GEN,,,,,,,HMG GENERATOR,STANDBY_GEN,ACA,120V,5kVA,,,,,
INVERTER,,,,,,,STATIC INVERTER,INVERTER,DC,26V,1KVA,,,,,82% efficiency at all loads
