Bus Tree,,,,,,,Nomenclature,TYPE,AC/DC,Source Voltage,Output Rating,Circuit Breaker #,Restricted,Authorized,Sheddable,Notes,
GEN L,,,,,,,GEN L,GENERATOR,AC3,115V,88kVA,,,,,,
,L31,,,,,,115V AC GEN BUS L,BUS,AC3,115V,765A,901,,,,,
,,L1S,,,,,115V AC L SEC 1,BUS,AC3,115V,25A,313,,,,,
,,,CFI,,,,CAPT INSTR XFR,BUS,AC3,115V,15A,4264/4265/4266,,,,,
,,L1A,,,,,115V AC L SEC 2,BUS,AC3,115V,15A,308,,,,,
,,L06,,,,,AC L SEC 3,BUS,AC3,115V,50A,328,,,,,
,,,ACAL,,,,115V AC CENTER,BUS,ACB,115V,5A,876,,,,,
,,,ATU 877,,,,28V AC TRANSFORMER,ATU,ACB,115V,19A,877,,,,,
,,,,L28,,,28V AC L,BUS,ACB,28V,,877,,,,,
,,L36,,,,,115V AC L SEC 4,BUS,AC3,115V,50A,310,,,,,
,,LXR,,,,,115V AC L XFR,BUS,AC3,115V,20A,326,,,,,
,,,ASBY,,,,115V AC STBY,BUS,ACA,115V,10A,874,,,,,
,,,ATU 843,,,,28V AC XFR TRANSFORMER,ATU,ACB,115V,9A,843,,,,,
,,,,L28X,,,28V AC L XFR,BUS,ACB,28V,,843,,,,,
,,L-IFE,,,,,IFE BUS 2,BUS,AC3,115V,50A,9858,,,YES,,
,,UTL,,,,,115V AC UTIL L,BUS,AC3,115V,50A,311,,,YES,,
,,M1241,,,,,MID GALLEY PWR ELCU,BUS,AC3,115V,,,,,YES,,
,,M227,,,,,GALLEY L AFT PWR ELCU,BUS,AC3,115V,,,,,YES,,
,,UTLX,,,,,115V AC L AUX UTIL IVS (SEC 6),BUS,AC3,115V,50A,3001,,,YES,if installed,This is for A/C 1607-1613.
,,L-TRU,,,,,L TRU,TRU,AC3,115V,120A,312,,,,,
,,,DL06,,,,28V DC TRU BUS L,BUS,DC,28V,,312,,,,,This is the output from TRU
,,,,BB1S,,,BATTERY BUS,BUS,DC,28V,50A,886,,,,,
,,,,,DSBY,,DC STANDBY BUS,BUS,DC,28V,25A,872,,,,,
,,,,DCAL,,,28V DC CENTER,BUS,DC,28V,10A,884,,,,,
,,,,L11S,,,DC L SEC 1,BUS,DC,28V,50A,882,,,,,
,,,,L11A,,,DC L SEC 2,BUS,DC,28V,25A,883,,,,,
GEN R,,,,,,,GEN R,GENERATOR,AC3,115V,88kVA,,,,,,
,R32,,,,,,115V AC GEN BUS R,BUS,AC3,115V,765A,903,,,,,
,,R1S,,,,,115V AC R SEC 1,BUS,AC3,115V,25A,319,,,,,
,,,FFI,,,,F/O INSTR XFR,BUS,AC3,115V,15A,4267/4268/4269,,,,,
,,R1A,,,,,115V AC R SEC 2,BUS,AC3,115V,15A,307,,,,,
,,R06,,,,,115V AC R SEC 3,BUS,AC3,115V,50A,329,,,,,
,,,ATU 878,,,,28V AC TRANSFORMER,ATU,ACB,115V,19A,878,,,,,
,,,,R28,,,28V AC R,BUS,ACB,28V,,878,,,,,
,,R37,,,,,115V AC R SEC 4,BUS,AC3,115V,50A,317,,,,,
,,RXR,,,,,115V AC R XFR,BUS,AC3,115V,10A,327,,,,,
,,,ATU 844,,,,28V AC R XFR TRANSFORMER,ATU,ACB,115V,9A,844,,,,,
,,,,R28X,,,28V AC R XFR,BUS,ACB,28V,,844,,,,,
,,R-IFE,,,,,IFE BUS,BUS,AC3,115V,50A,9121,,,YES,,
,,UTR,,,,,115V AC UTIL R,BUS,AC3,115V,50A,315,,,YES,,
,,M225,,,,,GALLEY FWD PWR ELCU,BUS,AC3,115V,,,,,YES,,
,,M226,,,,,GALLEY R AFT PWR ELCU,BUS,AC3,115V,,,,,YES,,
,,GS33,,,,,115V AC GND SVCE,BUS,AC3,115V,50A,316,,,,,
,,,ATU 871,,,,28V AC TRANSFORMER,ATU,ACC,115V,39A,871,,,,,
,,,,G28,,,28V AC GND SVCE,BUS,ACC,28V,,871,,,,,
,,R-TRU,,,,,R TRU,TRU,AC3,115V,120A,318,,,,,
,,,DR06,,,,28V DC TRU BUS R,BUS,DC,28V,,318,,,,,This is the output from TRU
,,,,R11S,,,DC R SEC 1,BUS,DC,28V,50A,891,,,,,
,,,,R11A,,,DC R SEC 2,BUS,DC,28V,50A,890,,,,,
AGH,,,,,,,115V AC GND HDLG,BUS,AC3,115V,100A,K101,,,,,
,G-TRU,,,,,,GND HDLG TRU,TRU,AC3,115V,20A,304,,,,,
,,DGHB,,,,,28V DC GND HDLG,BUS,DC,28V,20A,304,,,,,This is the output from TRU
APUD,,,,,,,APU BATTERY BUS,BUS,DC,28V,15A,869,,,,,
HB06,,,,,,,HOT BATTERY BUS,BUS,DC,28V,50A,897,,,,,
APU GEN,,,,,,,AUX PWR UNIT GENERATOR,APU,AC3,115V,88kVA,,,,,,
HMG GEN,,,,,,,HMG GENERATOR,STANDBY_GEN,ACA,120V,5kVA,,,,,,
INVERTER,,,,,,,STATIC INVERTER,INVERTER,DC,26V,1KVA,,,,,82% efficiency at all loads,
