Bus Tree,,,,,,,Nomenclature,TYPE,AC/DC,Source Voltage,Output Rating,Circuit Breaker #,Restricted,Authorized,Sheddable,Notes
GEN L,,,,,,,GEN L,GENERATOR,AC3,115V,83.2kVA,,,,,112.5kVA for 5 minutes  150kVA for 5 seconds
,L31,,,,,,115V AC GEN BUS L,BUS,AC3,115V,,902,,,,
,,L1S,,,,,115V AC L SEC 1,BUS,AC3,115V,20A,313,,,,
,,L1A,,,,,115V AC L SEC 2,BUS,AC3,115V,35A,308,,,,
,,,CFI,,,,CAPT INSTR XFR,BUS,AC3,115V,5A,4264,,,,
,,L06,,,,,115V AC L SEC 3,BUS,AC3,115V,35A,310,,,,
,,ACAL,,,,,115V AC CENTER,BUS,ACB,115V,,876,,,,
,,L36,,,,,115V AC MISC L,BUS,AC3,115V,50A,315,,,,
,,LXR,,,,,115V AC L XFR,BUS,AC3,115V,20A,326,,,,if installed
,,,STYS,,,,115V AC STBY,BUS,ACA,115V,,874,,,,NT371 document has this attached to LXR
,,,ATU 4353,,,,28V AC L XFR XFRMR,ATU,ACC,115V,750VA,4353,,,,
,,,,L28X,,,28V AC L XFR,BUS,ACC,28V,,,,,,
,,IFE LT,,,,,IFE BUS LEFT,BUS,AC3,115V,,9506,,,TRUE,if installed
,,UTL,,,,,115V AC UTIL L,BUS,AC3,115V,35A,311,,,TRUE,
,,LGY,,,,,L GALLEYS,BUS,AC3,115V,,M227,,,TRUE,
,,TRU L,,,,,28V DC TRU L,TRU,AC3,115V,120A,312,,,,18% loss across TRU
,,,DL06,,,,28V DC TRU BUS L,BUS,DC,28V,,312,,,,
,,,,BB1S,,,BATTERY BUS,BUS,DC,28V,,886,,,,
,,,,,DSBY,,28V DC STANDBY BUS,BUS,DC,28V,,872,,,,
,,,,BB06,,,28V BATTERY BUS,BUS,DC,28V,,829,,,,
,,,,DCAL,,,28V DC CENTER,BUS,DC,28V,,884,,,,
,,,,L11S,,,28V DC L SEC 1,BUS,DC,28V,,882,,,,
,,,,L11A,,,28V DC L SEC 2,BUS,DC,28V,,883,,,,
,,ATU 877,,,,,28V AC L XFMR,ATU,ACC,115V,750VA,877,,,,5% loss across ATU
,,,L28,,,,28V AC L,BUS,ACC,28V,,877,,,,
GEN R,,,,,,,GEN R,GENERATOR,AC3,115V,83.2kVA,,,,,112.5kVA for 5 minutes  150kVA for 5 seconds
,R32,,,,,,115V AC GEN BUS R,BUS,AC3,115V,,904,,,,
,,R1S,,,,,115V AC R SEC 1,BUS,AC3,115V,20A,319,,,,
,,R1A,,,,,115V AC R SEC 2,BUS,AC3,115V,20A,307,,,,
,,,FFI,,,,F/O INSTR XFR,BUS,AC3,115V,5A,4267/4268/4269,,,,
,,R06,,,,,115V AC R SEC 3,BUS,AC3,115V,50A,317,,,,
,,R37,,,,,115V AC MISC R,BUS,AC3,115V,50A,3016,,,,
,,GS6,,,,,115V AC GND SVCE,BUS,AC3,115V,50A,316,,,,
,,,GS1,,,,AC GND SVCE SEC 1,BUS,AC3,115V,25A,3007,,,,
,,,GS2,,,,AC GND SVCE SEC 2,BUS,AC3,115V,25A,3008,,,,
,,,,ATU 871,,,28V AC TRANSFORMER,ATU,ACC,115V,2.5kVA,871,,,,5% loss across ATU
,,,,,GS28,,28V AC GND SVCE,BUS,ACC,28V,,871,,,,
,,,GS3,,,,AC GND SVCE SEC 3,BUS,AC3,115V,,,,,,if installed
,,IFE RT,,,,,IFE BUS RIGHT,BUS,AC3,115V,,9514,,,TRUE,if installed
,,IFE,,,,,115V AC IFE BUS,BUS,AC3,115V,,,,,TRUE,if installed
,,UTR,,,,,115V AC UTIL R,BUS,AC3,115V,35A,315,,,TRUE,
,,RXR,,,,,115V AC R XFR,BUS,AC3,115V,20A,327,,,,
,,,ATU 4355,,,,28V AC R XFR XFRMR,ATU,ACC,115V,750VA,4355,,,,5% loss across ATU
,,,,R28X,,,28V AC R XFR,BUS,ACC,28V,,4355,,,,
,,RGY,,,,,R GALLEYS,BUS,AC3,115V,,3026/M546,,,TRUE,
,,TRU R,,,,,28V DC TRU R,TRU,AC3,115V,120A,318,,,,
,,,DR06,,,,28V DC TRU BUS R,BUS,DC,28V,,318,,,,
,,,,R11S,,,28V DC R SEC 1,BUS,DC,28V,,891,,,,
,,,,R11A,,,28V DC R SEC 2,BUS,DC,28V,,890,,,,
,,ATU 878,,,,,28V AC R XFMR,ATU,ACC,115V,750VA,878,,,,
,,,R28,,,,28V AC R,BUS,ACC,28V,,878,,,,
APU GEN,,,,,,,APU GEN,APU,AC3,115V,83.2kVA,,,,,
,GHB,,,,,,115V AC GND HNDL,BUS,AC3,115V,25A,305,,,,
,,TRU G,,,,,GND HDLG TRU,TRU,AC3,115V,20A,304,,,,
,,,DGHB,,,,28V DC GND HNDLG,BUS,DC,28V,,304,,,,
HMG GEN,,,,,,,HMG GEN,STANDBY_GEN,AC3,120V,10kVA,,,,,
BATTERY,,,,,,,MAIN BATTERY,BATTERY,DC,28V,40AH,,,,,47AH at room temp
,HB06,,,,,,HOT BATT,BUS,DC,28V,,,,,,
,,HB61,,,,,HOT BATTERY BUS,BUS,DC,28V,,897,,,,
APU BATTERY,,,,,,,APU BATTERY,BATTERY,DC,28V,40AH,,,,,47AH at room temp
,APUD,,,,,,28V DC APU BAT BUS,BUS,DC,28V,,869,,,,
INVERTER,,,,,,,STATIC INVERTER,INVERTER,DC,26V,1kVA,,,,,82% efficiency at all loads
