BUS TREE,,,,,,,Nomenclature,TYPE,AC/DC,Source Voltage,Output Rating,Circuit Breaker #,Restricted,Authorized,Sheddable,Notes
GEN 1,,,,,,,GEN 1,GENERATOR,AC3,115V,90kVA,,,,,
,T1,,,,,,115V AC XFR BUS 1,BUS,AC3,115V,260.87A,,,,,
,,T1S1,,,,,115V AC XFR BUS 1 SECT 1,BUS,AC3,115V,35A,C3001,,,,
,,,ATU T38,,,,28V AC TRANSFORMER,ATU,ACC,115V,50A,,,,,Converts 115 V single phase AC voltage to 28V AC Voltage
,,,,T182,,,28V AC XFR BUS 1 SECT 2,BUS,ACC,28V,50A,C2046,,,,
,,T1S2,,,,,115V AC XFR BUS 1 SECT 2,BUS,AC3,115V,50A,C3002,,,,
,,,SB,,,,115V AC STBY BUS,BUS,ACA,115V,86.96A,C2029,,,,
,,,,SB1,,,115V AC STBY BUS SECT 1,BUS,ACA,115V,10A,,,,,
,,,,SB2,,,115V AC STBY BUS SECT 2,BUS,ACA,115V,10A,,,,,
,,,,,ATU T391,,28V AC TRANSFORMER,ATU,ACA,115V,19A,C2047,,,,Converts 115 V single phase AC voltage to 28V AC Voltage
,,,,,,SB28,28V AC STBY BUS 2 SECT 2 ,BUS,ACA,28V,,,,,,
,,M1,,,,,115V AC MAIN BUS NO 1,BUS,AC3,115V,35A,C815,,,YES,LOAD >90KVA - 3 STEP LOAD SHED BY BPCU MAIN BUS 2/GALLEY 2 FIRST MAIN BUS 1 GALLEY 1 NEXT.
,,GS1,,,,,115V AC GND SVCE BUS 1,BUS,AC3,115V,25A,C813,,,,
,,,GS11,,,,115V AC GND SVCE 1 SECT 1,BUS,AC3,115V,10A,C3041,,,,
,,,ATU T10,,,,28V AC TRANSFORMER,ATU,ACB,115V,35A,C41,,,,Converts 115 V single phase AC voltage to 28V AC Voltage
,,,,GS18,,,28V AC GND SVCE BUS 1,BUS,ACB,28V,35A,,,,,
,,IFE1,,,,,115V AC XFR BUS 1 IFE/PASS SEAT PWR,BUS,AC3,115V,50A,C3003,,,YES,SHED DURING SINGLE GEN OPS
,,GLYC,,,,,GALLEY BUS C,BUS,AC3,115V,,,,,YES,
,,GLYD,,,,,GALLEY BUS D,BUS,AC3,115V,,,,,YES,
,,TRU 1,,,,,TRANSFORMER RECTIFIER 1,TRU,AC3,115V,75A,C806,,,,(75A - W/ COOLING) / ( 50A - W/O COOLING)
,,,DC1,,,,28V DC BUS 1,BUS,DC,28V,,,,,,
,,,,DC11,,,28V DC BUS 1 SECT 1,BUS,DC,28V,50A,C3051,,,,
,,,,DC12,,,28V DC BUS 1 SECT 2,BUS,DC,28V,35A,C3052,,,,
,,,,,GSDC,,28V DC GND SVCE DC BUS,BUS,DC,28V,10A,C3064,,,,
,,,,DCSB,,,28V DC STBY BUS ,BUS,DC,28V,,,,,,
,,,,,DCSB1,,28V DC STBY BUS SECT 1,BUS,DC,28V,35A,C3066,,,,
,,,,,DCSB2,,28V DC STBY BUS SECT 2,BUS,DC,28V,35A,C3067,,,,
,,ATU T36,,,,,28V AC TRANSFORMER,ATU,ACA,115V,50A,C2044,,,,Converts 115 V single phase AC voltage to 28V AC Voltage
,,,T181,,,,28V AC XFR BUS 1 SECT 1,BUS,ACA,28V,50A,,,,,
GEN 2,,,,,,,GEN 2,GENERATOR,AC3,115V,90kVA,,,,,
,T2,,,,,,115V AC XFR BUS 2,BUS,AC3,115V,260.87A,,,,,
,,T2S1,,,,,115V AC XFER BUS 2 SECT 1,BUS,AC3,115,35A,C3011,,,,
,,T2S2,,,,,115V AC XFER BUS 2 SECT 2,BUS,AC3,115,50A,C3012,,,,
,,,ATU T52,,,,28V AC TRANSFORMER,ATU,ACA,115V,50A,C2043,,,,Converts 115 V single phase AC voltage to 28V AC Voltage
,,,,T282,,,28V AC XFR BUS 2 SECT 2,BUS,ACA,28V,50A,,,,,
,,M2,,,,,115V AC MAIN BUS NO 2,BUS,AC3,115V,35A,C817,,,YES,LOAD >90KVA - 3 STEP LOAD SHED BY BPCU MAIN BUS 2/GALLEY 2 FIRST
,,GS2,,,,,115V AC GND SVCE BUS 2,BUS,AC3,115V,25A,C2813,,,,
,,,ATU T6 ,,,,28V AC TRANSFORMER,ATU,ACB,115V,35A,C40,,,,Converts 115 V single phase AC voltage to 28V AC Voltage
,,,,GS28,,,28V AC GND SERV BUS 2 ,BUS,ACB,28V,35A,,,,,
,,IFE2,,,,,115V AC XFR BUS 2 IFE/PASS SEAT PWR,BUS,AC3,115V,50A,C3013,,,YES,SHED DURING SINGLE GEN OPS
,,GLYA,,,,,GALLEY BUS A,BUS,AC3,115V,,,,,YES,
,,GLYB,,,,,GALLEY BUS B,BUS,AC3,115V,,,,,YES,
,,TRU 2,,,,,TRANSFORMER RECTIFIER 2,TRU,AC3,115V,75A,C807,,,,(75A - W/ COOLING) / ( 50A - W/O COOLING)
,,,DC2,,,,28V DC BUS 2,BUS,DC,28V,,,,,,
,,,,DC21,,,28V DC BUS 2 SECT 1,BUS,DC,28V,35A,C3071,,,,
,,,,DC22,,,28V DC BUS 2 SECT 2,BUS,DC,28V,50A,C3072,,,,
,,TRU 3,,,,,TRANSFORMER RECTIFIER 3,TRU,AC3,115V,75A,C808,,,,(75A - W/ COOLING) / ( 50A - W/O COOLING)
,,,TRU3DC,,,,TRU 3 DC BUS,BUS,DC,28V,,,,,,
,,,,BB,,,28V DC BAT BUS,BUS,DC,28V,100A,,,,,Supplied by TRU 3 with BAT BUS NORM Relay - K2 - Normal Config
,,,,,BBS1,,28V DC BAT BUS SECT 1,BUS,DC,28V,25A,C3061,,,,Supplied by TRU 3 with BAT BUS NORM Relay - K2 - Normal Config
,,,,,BBS2,,28V DC BAT BUS SECT 2,BUS,DC,28V,25A,C3062,,,,Supplied by TRU 3 with BAT BUS NORM Relay - K2 - Normal Config
,,,,,BBS3,,28V DC BAT BUS SECT 3,BUS,DC,28V,25A,C3063,,,,Supplied by TRU 3 with BAT BUS NORM Relay - K2 - Normal Config
,,ATU T37,,,,,28V AC TRANSFORMER,ATU,ACA,115V,50A,C2045,,,,Converts 115 V single phase AC voltage to 28V AC Voltage
,,,T281,,,,28V AC XFR BUS 2 SEC 1,BUS,ACA,28V,50A,,,,,
APU GEN,,,,,,,AUX PWR UNIT GENERATOR,APU,AC3,115V,90kVA,,,,,62kVA above 30k feet
BT,,,,,,,28V DC BATTERY TERMINAL,BUS,DC,28V,100A,C890,,,,
,SPCUB,,,,,,28V DC BATTERY BUS BAR,BUS,DC,28V,100A,C1340,,,,
,,HB,,,,,28V DC HOT BATTERY BUS,BUS,DC,28V,25A,C2022,,,,
,,SHB,,,,,28V DC SWITCHED HOT BATTERY BUS,BUS,DC,28V,35A,C169,,,,
,,,SHB1,,,,28V DC SWITCHED HOT BATTERY BUS SEC 1,BUS,DC,28V,,K8-C,,,,
,,,SHB2,,,,28V DC SWITCHED HOT BATTERY BUS SEC 2,BUS,DC,28V,,K8-A,,,,
,,,SHB3,,,,28V DC SWITCHED HOT BATTERY BUS SEC 3,BUS,DC,28V,,K8-B,,,,
BATT 1,,,,,,,BATTERY 1,BATTERY,DC,28V,,,,,,Capacity is based on the ship configuration single or dual 48AH
INVERTER,,,,,,,STATIC INVERTER,INVERTER,DC,24V,1KVA,,,,,82% efficiency at all loads
